application,conf,threads,CH,CHv2,CA,CB,CBv2,CC,NBC,SP(16)
__cere__3D_computeTempOMP_150,conf1,16,329.76478032606934,0.032976478032606935,466139494.375,153.35302064909914,0.6052938317301425,0.56640625,0.8467112331319288,0.0
__cere__3D_computeTempOMP_150,conf1,32,183.56264451845044,0.01835626445184504,230446037.76171875,329.33298657884495,0.7670805572223707,0.6611328125,0.9224699090717597,0.5024525816292593
__cere__3D_computeTempOMP_150,conf1,64,96.14764371338626,0.009614764371338626,116184206.69042969,599.5039756348569,0.8570415558978891,0.70703125,0.9604185237606592,0.7487888533094126
__cere__3D_computeTempOMP_150,conf2,16,261.5694518715261,0.02615694518715261,246071065.484375,240.54356671841612,0.7063518158230644,0.66796875,0.8596802607961743,0.0
__cere__3D_computeTempOMP_150,conf2,32,126.62302347240615,0.012662302347240615,133784791.26171875,508.6652942584922,0.8357060917662059,0.7001953125,0.9306209862458201,0.5030082028257015
__cere__3D_computeTempOMP_150,conf2,64,64.32808667557242,0.006432808667557244,67995586.32617188,1021.275967272292,0.9108158892914933,0.730224609375,0.9651257478423741,0.752242133351769
__cere__bfs__Z8BFSGraphiPPc_135,conf1,16,370.26109013848566,0.03702610901384857,369087.5625,30.684317627202628,0.2347972441095375,0.48828125,0.8619643060649057,0.0
__cere__bfs__Z8BFSGraphiPPc_135,conf1,32,266.00877201294855,0.026600877201294854,272830.84765625,78.75343062909988,0.4405701773215609,0.5185546875,0.922902357211171,0.509061768855551
__cere__bfs__Z8BFSGraphiPPc_135,conf1,64,147.27191207991024,0.014727191207991026,189433.12255859375,90.30700393406225,0.4745332650255579,0.49755859375,0.9600758930643283,0.7499671943456607
__cere__bfs__Z8BFSGraphiPPc_135,conf2,16,193.6828738784556,0.019368287387845563,350603.484375,54.19201080208889,0.3514579680243377,0.4765625,0.8425191019965886,0.0
__cere__bfs__Z8BFSGraphiPPc_135,conf2,32,304.8545979291391,0.030485459792913915,96913.052734375,144.0452029699705,0.5902398458030544,0.5126953125,0.9153251354916374,0.5061624684803749
__cere__bfs__Z8BFSGraphiPPc_135,conf2,64,194.66690552349075,0.019466690552349075,109272.34765625,100.28671909611168,0.5007157716133293,0.485595703125,0.9592842242903616,0.7510999787979582
__cere__bfs__Z8BFSGraphiPPc_157,conf1,16,556.0015303586833,0.05560015303586833,69356235.0859375,697.7965069606123,0.874654753276656,0.66796875,0.9164947364815323,0.0
__cere__bfs__Z8BFSGraphiPPc_157,conf1,32,172.56470428969106,0.017256470428969106,331572.306640625,72.80552982701896,0.4213148149824745,0.5068359375,0.924204998625718,0.5075460509618174
__cere__bfs__Z8BFSGraphiPPc_157,conf1,64,109.91290345197609,0.010991290345197607,130125.30908203125,210.90758283614036,0.6783610129808135,0.519775390625,0.9597013557766038,0.7486021821521475
__cere__bfs__Z8BFSGraphiPPc_157,conf2,16,402.7305562351721,0.04027305562351721,227678.453125,44.14330627054148,0.3062459673825523,0.484375,0.8433695656724214,0.0
__cere__bfs__Z8BFSGraphiPPc_157,conf2,32,289.50758268387517,0.028950758268387514,2329344.048828125,1422.0084525656928,0.9342973425466677,0.69921875,0.9593495520964852,0.5002350090758224
__cere__bfs__Z8BFSGraphiPPc_157,conf2,64,191.73869631837448,0.019173869631837443,31510.37744140625,240.4410684209581,0.7062634056936128,0.491943359375,0.9499493695134197,0.726987480392473
__cere__blackscholes_m4__Z9bs_threadPv_368,conf1,16,545.4534645464612,0.054545346454646135,40201.2109375,167.46722298282762,0.6261224127398206,0.4921875,0.8321229829247603,0.0
__cere__blackscholes_m4__Z9bs_threadPv_368,conf1,32,98.13909292178892,0.009813909292178891,5657.009765625,627.4420666561018,0.8625320082743098,0.5712890625,0.8119106238837394,0.43398797606260764
__cere__blackscholes_m4__Z9bs_threadPv_368,conf1,64,90.25063414785407,0.009025063414785407,7516.958984375,522.6181787380254,0.8393879211771678,0.4873046875,0.945742608575453,0.7645721276602931
__cere__blackscholes_m4__Z9bs_threadPv_368,conf2,16,556.1593109856642,0.05561593109856641,67252060.609375,1.363795409857138,0.013454462753123342,0.5,0.8749518175486184,0.0
__cere__blackscholes_m4__Z9bs_threadPv_368,conf2,32,144.02189965567658,0.014402189965567656,35366171.068359375,17.603041779974692,0.14968185782905596,0.5029296875,0.937960813563114,0.5209016228173313
__cere__blackscholes_m4__Z9bs_threadPv_368,conf2,64,64.58861059335533,0.006458861059335533,17818864.979492188,4.377046494153514,0.04193495257023483,0.499755859375,0.9686406963956203,0.7620032517372821
__cere__blackscholes_m4__Z9bs_threadPv_368,conf3,16,489.10490476263885,0.04891049047626389,2645376.3125,565.0786120434046,0.849641834530271,0.671875,0.9742167649068643,0.0
__cere__blackscholes_m4__Z9bs_threadPv_368,conf3,32,278.7948660217291,0.02787948660217291,1483394.333984375,1184.0107756506118,0.9221190336589429,0.7021484375,0.9542382802562566,0.5179884822828194
__cere__blackscholes_m4__Z9bs_threadPv_368,conf3,64,117.02210184263238,0.011702210184263238,371605.267578125,23.068584772914356,0.18744495043540488,0.495361328125,0.9616422987730433,0.7537468905295315
__cere__bt_adi_205,conf1,16,265.6087985985436,0.026560879859854364,1670823.25,162.06499550446165,0.6184152721064287,0.484375,0.7860848312351412,0.0
__cere__bt_adi_205,conf1,32,174.59935908170718,0.017459935908170715,1129918.69921875,185.02579729645717,0.649154564434077,0.4228515625,0.8644148716355204,0.41954235666160533
__cere__bt_adi_205,conf1,64,67.06024491177308,0.0067060244911773086,986683.9467773438,156.796462233491,0.6105865356156057,0.439453125,0.9361718955483962,0.7026403810859276
__cere__bt_adi_205,conf2,16,490.0499781378936,0.049004997813789364,2164237.984375,22.37597397426927,0.1828461359496435,0.35546875,0.6420492898514489,0.0
__cere__bt_adi_205,conf2,32,146.36398251707817,0.014636398251707816,2119028.822265625,364.12099509504355,0.7845389433858259,0.408203125,0.8246799734154084,0.37687663368584523
__cere__bt_adi_205,conf2,64,59.361254694287695,0.005936125469428769,1798636.7080078125,190.23452831711722,0.6554510568407024,0.4462890625,0.9126814430522987,0.6767466011281399
__cere__bt_adi_205,conf3,16,427.885693667244,0.0427885693667244,228783.75,193.86131554360833,0.6597034222928868,0.5546875,0.7837068096510351,0.0
__cere__bt_adi_205,conf3,32,284.91083366188326,0.028491083366188323,424618.771484375,143.15776894192095,0.5887443759862538,0.455078125,0.9072068602934459,0.4685559327387654
__cere__bt_adi_205,conf3,64,116.12954043171041,0.011612954043171041,1226807.5141601562,65.89401441417242,0.3972054968159421,0.4970703125,0.9568131415965332,0.740595420129271
__cere__bt_adi_205,conf4,16,302.3550162097919,0.030235501620979193,244676.59375,78.98524468076546,0.44129472695719685,0.4765625,0.855461661062543,0.0
__cere__bt_adi_205,conf4,32,208.6908847384496,0.02086908847384496,672929.048828125,78.17311157661662,0.43874808541467947,0.4794921875,0.9219351206617068,0.49347048344124944
__cere__bt_adi_205,conf4,64,108.56695339310942,0.010856695339310943,785210.07421875,72.55860256226514,0.4204867302172517,0.47216796875,0.958192696208154,0.749659282063445
__cere__bt_adi_208,conf1,16,420.9223458660504,0.042092234586605035,2085787.5078125,285.37161479263074,0.7405102084287909,0.58203125,0.8676281108318347,0.0
__cere__bt_adi_208,conf1,32,115.39595704884016,0.011539595704884017,2093425.150390625,161.98071998068036,0.6182925216505457,0.490234375,0.9062254115010421,0.463249329308021
__cere__bt_adi_208,conf1,64,96.09132830953658,0.00960913283095366,489521.87939453125,216.65138211845098,0.6841952833713114,0.423095703125,0.907346885866269,0.6861197976430703
__cere__bt_adi_208,conf1,16,341.4665406121941,0.03414665406121941,3064505.8125,215.99339844619726,0.6835376925856047,0.578125,0.8778961720031001,0.0
__cere__bt_adi_208,conf1,32,185.76481063039637,0.018576481063039635,1392743.095703125,100.11516812387717,0.5002877546089006,0.4921875,0.8835558519704956,0.45687458217169263
__cere__bt_adi_208,conf1,64,98.57992405701754,0.009857992405701753,993477.353515625,142.9430897024509,0.5883809655896084,0.4755859375,0.9364327939974019,0.7157108174165827
__cere__bt_adi_208,conf2,16,295.3142663122321,0.029531426631223212,7681483.34375,175.34684696946167,0.6368216992472375,0.546875,0.8736487956242599,0.0
__cere__bt_adi_208,conf2,32,106.44554226185959,0.010644554226185958,5645810.998046875,149.96058424789715,0.5999369248520178,0.48046875,0.9105553245412268,0.4589567748420289
__cere__bt_adi_208,conf2,64,129.93875796958116,0.012993875796958114,3148219.9555664062,105.28991771438108,0.5128840173284617,0.494873046875,0.9441103845291144,0.715145936985802
__cere__bt_adi_208,conf3,16,438.63640596164834,0.043863640596164835,906793.1640625,68.45145872700004,0.40635717401495186,0.45703125,0.8092425208081104,0.0
__cere__bt_adi_208,conf3,32,219.0783503764763,0.02190783503764763,200139.578125,297.90533684577787,0.7486839437924944,0.365234375,0.8953432050116898,0.43287546862802706
__cere__bt_adi_208,conf3,64,149.29022541375062,0.014929022541375061,341599.8779296875,176.71575224320358,0.6386183323885708,0.43896484375,0.9492324697713275,0.7091792591029786
__cere__bt_adi_208,conf4,16,343.2201406963594,0.03432201406963595,183484.0546875,157.34368351745823,0.6114145929942127,0.42578125,0.8605361186230462,0.0
__cere__bt_adi_208,conf4,32,344.5188190547105,0.03445188190547105,806178.7890625,85.40197227691186,0.46063141199683444,0.4326171875,0.9071164885348159,0.4386513135341362
__cere__bt_adi_208,conf4,64,117.09443861460552,0.011709443861460552,649156.41015625,83.55887013242145,0.4552156486479848,0.4658203125,0.9583821920662045,0.7456113994423809
__cere__bt_adi_211,conf1,16,361.49063465288697,0.0361490634652887,2525266.4375,165.0748412364309,0.6227480528383832,0.55078125,0.9052699185479512,0.0
__cere__bt_adi_211,conf1,32,87.00677702950435,0.008700677702950434,3254535.06640625,69.36855745225333,0.4095716377097266,0.5048828125,0.9252291643275079,0.49039962897830247
__cere__bt_adi_211,conf1,64,61.873534703498464,0.006187353470349846,1023425.7553710938,170.48083524595907,0.6302880390432617,0.50048828125,0.9585867055753956,0.7355539271367411
__cere__bt_adi_211,conf2,16,374.4484213467565,0.03744484213467565,10126934.6171875,246.05441465991,0.7110281049346634,0.515625,0.8785562640692687,0.0
__cere__bt_adi_211,conf2,32,120.9563109009117,0.012095631090091166,7605439.873046875,117.74738248460453,0.5407522292164851,0.4755859375,0.9240273812904038,0.46593453668262064
__cere__bt_adi_211,conf2,64,104.4270212052819,0.010442702120528193,4781455.328125,62.84931665728695,0.3859354030299804,0.517578125,0.9587980383904494,0.7419633088771505
__cere__bt_adi_211,conf3,16,381.4438559244784,0.038144385592447844,1151779.765625,58.53665600811679,0.3692310502948909,0.49609375,0.8558628592529456,0.0
__cere__bt_adi_211,conf3,32,242.3304393290136,0.024233043932901363,464480.322265625,151.26302591406287,0.6020106832821392,0.431640625,0.9117739509997155,0.4797069725837122
__cere__bt_adi_211,conf3,64,234.73167509082873,0.023473167509082876,459351.09765625,212.0461752597484,0.6795346076049174,0.460205078125,0.9529810941013164,0.7124866397172486
__cere__bt_adi_211,conf4,16,330.9212697114623,0.03309212697114623,557164.265625,68.38736937796592,0.40613122962009196,0.4609375,0.8626357049717693,0.0
__cere__bt_adi_211,conf4,32,163.4053227414073,0.01634053227414073,684154.880859375,108.2108218260006,0.5197175674011371,0.533203125,0.9096188040777351,0.506980879714968
__cere__bt_adi_211,conf4,64,367.81887330074335,0.03678188733007433,256722.20166015625,158.22812877616724,0.6127455189566887,0.41064453125,0.951832513876977,0.741039087406214
__cere__bt_adi_214,conf1,16,344.69951363672556,0.03446995136367256,2534806.1171875,309.53063647006064,0.7558180241118282,0.58203125,0.8778494933150752,0.0
__cere__bt_adi_214,conf1,32,140.4600743517419,0.014046007435174188,784883.26171875,345.60945978655315,0.7755882470540459,0.5185546875,0.9298886356582238,0.4234558368714416
__cere__bt_adi_214,conf1,64,45.66839953076193,0.004566839953076193,298959.9951171875,487.19149737304656,0.8296978065122265,0.476318359375,0.9538738321799725,0.678030560925508
__cere__bt_adi_214,conf2,16,366.4397899056315,0.03664397899056315,10016244.875,225.18974894271443,0.6924872314544699,0.53515625,0.9111694509914825,0.0
__cere__bt_adi_214,conf2,32,147.28112286955457,0.01472811228695546,4152853.9921875,301.5520884883325,0.7509663058248405,0.5078125,0.9117637225766977,0.43159983402302937
__cere__bt_adi_214,conf2,64,111.84211744596055,0.011184211744596058,3279989.990234375,96.32141943792554,0.49063122971348117,0.5078125,0.9604958189673877,0.743159616278245
__cere__bt_adi_214,conf3,16,375.24155962919485,0.037524155962919484,687696.6328125,202.1780372838591,0.6690692649311827,0.6484375,0.8631258407467528,0.0
__cere__bt_adi_214,conf3,32,278.89834750922955,0.027889834750922958,218073.6953125,231.24070407248007,0.6981047354067977,0.5009765625,0.9073761815682077,0.43871673720677784
__cere__bt_adi_214,conf3,64,132.5331221469382,0.013253312214693818,953027.3051757812,131.44397698743427,0.5679299962710662,0.447265625,0.9576499557610136,0.7425372531306706
__cere__bt_adi_214,conf4,16,313.81012468591825,0.031381012468591825,1156065.8828125,63.0309388522698,0.38661949256996664,0.5234375,0.8630289392095294,0.0
__cere__bt_adi_214,conf4,32,252.2127270188712,0.02522127270188712,105400.916015625,297.97854431152746,0.748730172946905,0.3857421875,0.896732581838886,0.4861924805748675
__cere__bt_adi_214,conf4,64,236.71320430342246,0.023671320430342244,605975.935546875,131.86561731729248,0.5687157019785442,0.422119140625,0.9558347718783013,0.7442025080223202
__cere__cg_conj_grad_405,conf1,16,216.30872718507337,0.02163087271850734,806596.4609375,43.81255760182201,0.30465043061905006,0.4765625,0.8193420507565417,0.0
__cere__cg_conj_grad_405,conf1,32,115.37134713246651,0.011537134713246654,249953.3515625,211.31263899273205,0.6787795049903689,0.490234375,0.8975692620644934,0.49124399118347994
__cere__cg_conj_grad_405,conf1,64,85.671429277675,0.0085671429277675,682480.5405273438,101.74158082018403,0.5043163655531586,0.485595703125,0.950908532622017,0.7298003425001787
__cere__cg_conj_grad_405,conf2,16,315.7345110565499,0.03157345110565499,2229777.125,44.06941287910109,0.30589014002634185,0.49609375,0.8727893145094041,0.0
__cere__cg_conj_grad_405,conf2,32,99.64377042410848,0.009964377042410847,1205560.173828125,137.96619092768773,0.5797722373495164,0.5029296875,0.9206811452305135,0.496962891548946
__cere__cg_conj_grad_405,conf2,64,46.182355098418384,0.004618235509841838,990463.1206054688,94.25984363747106,0.4852255714432643,0.495849609375,0.9577785421738507,0.7433033545040494
__cere__cg_conj_grad_405,conf3,16,258.91097699416105,0.02589109769941611,453270.3203125,92.29831481114135,0.47997464201279516,0.40234375,0.7987796706783743,0.0
__cere__cg_conj_grad_405,conf3,32,134.22989906446207,0.013422989906446208,1030897.44921875,67.16601831307125,0.4017922960112721,0.466796875,0.9125960664120526,0.48738728660900876
__cere__cg_conj_grad_405,conf3,64,71.12322888870193,0.007112322888870193,92957.77685546875,761.8308483437753,0.8839679501004458,0.389404296875,0.8965574492413697,0.6301063360277812
__cere__cg_conj_grad_405,conf4,16,206.45403652504814,0.02064540365250481,748267.9609375,92.13546484052719,0.47953387947925075,0.4375,0.8015105906192801,0.0
__cere__cg_conj_grad_405,conf4,32,129.92917971775378,0.012992917971775379,181552.021484375,200.5190478129466,0.6672423903650745,0.3466796875,0.8525848549671569,0.46694105140641995
__cere__cg_conj_grad_405,conf4,64,102.7765797323319,0.01027765797323319,256624.45849609375,183.00023183918563,0.6466433990173378,0.388427734375,0.9312497407680119,0.7035759982833469
__cere__cg_conj_grad_551,conf1,16,284.75861284798685,0.028475861284798683,1931137.0625,39.440377629850396,0.2828476105719272,0.4609375,0.8146329018334503,0.0
__cere__cg_conj_grad_551,conf1,32,96.97786921779479,0.009697786921779477,904278.080078125,98.96912889833129,0.49740946973187117,0.4814453125,0.9023605624528995,0.49165356626839785
__cere__cg_conj_grad_551,conf1,64,113.52378855037841,0.011352378855037839,671131.1958007812,73.7945121308638,0.42460783845290806,0.4658203125,0.9390124935032638,0.710416501650833
__cere__cg_conj_grad_551,conf2,16,287.41041675965675,0.028741041675965678,10498704.96875,6.956430897180987,0.06503985631185016,0.49609375,0.8522306928337551,0.0
__cere__cg_conj_grad_551,conf2,32,118.40292127630407,0.011840292127630407,5869151.556640625,34.44109402103053,0.256179810732892,0.494140625,0.9234273991936262,0.5030010365068881
__cere__cg_conj_grad_551,conf2,64,88.3052257604863,0.00883052257604863,4586477.9775390625,23.130784452826948,0.1878554137019135,0.497802734375,0.9588911416432173,0.7476369849996356
__cere__cg_conj_grad_551,conf3,16,343.1996285329236,0.034319962853292356,544260.46875,43.99839001718788,0.3055477912769453,0.3984375,0.7572188695267976,0.0
__cere__cg_conj_grad_551,conf3,32,152.94900702761487,0.015294900702761485,638581.177734375,158.27923704260107,0.6128221488299277,0.4326171875,0.8731400275335125,0.45928640636957974
__cere__cg_conj_grad_551,conf3,64,80.03807679564338,0.008003807679564337,278162.91796875,168.69900194927078,0.6278363549006424,0.46875,0.9274141146936611,0.7060524118572766
__cere__cg_conj_grad_551,conf4,16,266.177333031897,0.0266177333031897,246018.9140625,99.71797773043427,0.49929394871515675,0.3203125,0.6922010982323799,0.0
__cere__cg_conj_grad_551,conf4,32,201.64075166429524,0.020164075166429523,404384.890625,145.16361713409407,0.5921091344263196,0.4072265625,0.8840438427452683,0.44124227950684203
__cere__cg_conj_grad_551,conf4,64,136.4005857013081,0.01364005857013081,299407.30712890625,140.49481938327816,0.5841906272391284,0.388671875,0.9271589142915513,0.6971098035129348
__cere__clomp_do_omp_barrier_only_805,conf1,16,233.53212782250193,0.023353212782250193,569523.0234375,40.90799967247811,0.29031708467626616,0.48828125,0.8664425975864919,0.0
__cere__clomp_do_omp_barrier_only_805,conf1,32,132.5890409116745,0.01325890409116745,674690.669921875,33.72150234484048,0.2521771125325798,0.5185546875,0.9333378189923569,0.5085907438548597
__cere__clomp_do_omp_barrier_only_805,conf1,64,116.64207813285091,0.011664207813285091,294153.423828125,144.44881093586943,0.5909163983365222,0.523193359375,0.9662702043914384,0.7547635726049715
__cere__clomp_do_omp_barrier_only_805,conf2,16,439.9920399045791,0.043999203990457904,279477.8359375,70.7027583778376,0.4141863848581896,0.546875,0.8804630163678845,0.0
__cere__clomp_do_omp_barrier_only_805,conf2,32,180.89434638981248,0.01808943463898125,339352.76171875,104.39020710691827,0.5107397687224362,0.5185546875,0.9325410446151818,0.5065295139562955
__cere__clomp_do_omp_barrier_only_805,conf2,64,96.11373109073759,0.00961137310907376,491841.18310546875,76.9894839587541,0.43499468011724274,0.505859375,0.9660912430324995,0.753650963513322
__cere__clomp_do_omp_barrier_only_805,conf3,16,328.15099662959295,0.0328150996629593,450049.515625,222.68918742934156,0.6901042740333629,0.59765625,0.889005442421978,0.0
__cere__clomp_do_omp_barrier_only_805,conf3,32,183.78079146673022,0.018378079146673023,271830.443359375,112.65369014822811,0.5297518706103994,0.501953125,0.9326163992666413,0.5193495468477891
__cere__clomp_do_omp_barrier_only_805,conf3,64,83.92064702785464,0.008392064702785465,338109.96337890625,76.80458626564528,0.4344038120722048,0.53076171875,0.9662863631997383,0.7556200039250532
__cere__clomp_static_omp_module1_988,conf1,16,204.41915043280474,0.02044191504328047,13387117.2578125,430.73542790578233,0.8115822032183005,0.578125,0.9510321732126504,0.0
__cere__clomp_static_omp_module1_988,conf1,32,240.48927533520202,0.024048927533520205,8043232.28515625,187.4698266382447,0.6521374045776249,0.591796875,0.9288960672786892,0.5548343312782129
__cere__clomp_static_omp_module1_988,conf1,64,13.09297308415573,0.001309297308415573,4962393.165527344,309.4024686744272,0.7557415803481051,0.568603515625,0.9566429970499277,0.7081979257105588
__cere__clomp_static_omp_module1_988,conf2,16,116.98190917172079,0.011698190917172077,381535.7109375,215.6749395857461,0.683218439413569,0.42578125,0.8812488288745743,0.0
__cere__clomp_static_omp_module1_988,conf2,32,54.43715748630194,0.005443715748630194,2423809.072265625,1414.699729811333,0.9339803143607508,0.7080078125,0.996818329542953,0.05789521173875145
__cere__clomp_static_omp_module1_988,conf2,64,14.133513495837839,0.0014133513495837836,677841.8696289062,2584.673610799176,0.9627515242084747,0.574462890625,0.9866924298618576,0.12497188585324304
__cere__clomp_static_omp_module1_988,conf3,16,207.31637617198587,0.020731637617198585,11191390.1953125,597.9969876326768,0.8567329060557131,0.55078125,0.9777902131650178,0.0
__cere__clomp_static_omp_module1_988,conf3,32,73.36048819519499,0.007336048819519499,12550468.541015625,207.7041730457569,0.6750125322963053,0.47265625,0.9266199575694906,0.5006633989596665
__cere__clomp_static_omp_module1_988,conf3,64,38.890275933122155,0.003889027593312215,1086931.0595703125,1180.1771688377146,0.9218858120311653,0.514404296875,0.9764206036831922,0.8044166142217695
__cere__clomp_static_omp_module2_1007,conf1,16,146.619164463174,0.014661916446317402,11167978.9921875,578.8533308312581,0.8526927755108019,0.69140625,0.8772660684884115,0.0
__cere__clomp_static_omp_module2_1007,conf1,32,78.21680687060197,0.007821680687060196,14205334.4765625,310.5093173973701,0.756400169832928,0.5556640625,0.9452905063564498,0.4027538747076085
__cere__clomp_static_omp_module2_1007,conf1,64,20.556838873210673,0.0020556838873210677,10857003.908691406,248.07391318264592,0.7127046980176113,0.59619140625,0.9654410625437279,0.7062600437608455
__cere__clomp_static_omp_module2_1007,conf2,16,261.8909121354156,0.026189091213541557,12373643.8203125,669.7276753768284,0.8700839229263208,0.64453125,0.9938334700416023,0.0
__cere__clomp_static_omp_module2_1007,conf2,32,54.63719608433733,0.005463719608433734,3664002.71875,883.5903923959117,0.8983316624754624,0.5263671875,0.9693438569705619,0.20786859884971942
__cere__clomp_static_omp_module2_1007,conf2,64,9.555482605519266,0.0009555482605519264,1388946.1733398438,813.5799844469751,0.8905405090934279,0.523681640625,0.9705673158203104,0.5532238946150807
__cere__clomp_static_omp_module2_1007,conf3,16,200.02081605307114,0.02000208160530712,11460393.9453125,643.430746417302,0.8654884796170805,0.66796875,0.9721385729660628,0.0
__cere__clomp_static_omp_module2_1007,conf3,32,90.75253844599031,0.009075253844599033,4935766.330078125,615.0351330183692,0.8601467321222788,0.548828125,0.9516581945918471,0.46484981203413933
__cere__clomp_static_omp_module2_1007,conf3,64,32.062321576297975,0.003206232157629797,997110.0366210938,1310.0859357780091,0.9290823364287898,0.507080078125,0.9614904558981197,0.7341334836290105
__cere__clomp_static_omp_module2_1017,conf1,16,101.47588998512546,0.010147588998512546,6286593.21875,131.7382512367601,0.5684786630333507,0.453125,0.8772591870269879,0.0
__cere__clomp_static_omp_module2_1017,conf1,32,37.933276695030855,0.0037933276695030858,3563944.654296875,827.0149752863678,0.8921268774874876,0.6787109375,0.9648668846850182,0.3320248719775869
__cere__clomp_static_omp_module2_1017,conf1,64,13.08751387950766,0.0013087513879507665,3057787.427734375,581.2980026970239,0.8532213515904428,0.558837890625,0.9551751079987617,0.6374392310024326
__cere__clomp_static_omp_module2_1017,conf2,16,136.10406247453156,0.013610406247453157,348279.1875,308.6649593438597,0.7553007721519431,0.6171875,0.8537531043252476,0.0
__cere__clomp_static_omp_module2_1017,conf2,32,37.138359578895006,0.0037138359578895016,2061615.857421875,1092.1330317925804,0.9161167442448662,0.517578125,0.9719427073832585,0.15626849884500538
__cere__clomp_static_omp_module2_1017,conf2,64,14.18834198288853,0.0014188341982888531,708919.9975585938,2409.378940679362,0.9601495021820311,0.4755859375,0.9825910672997714,0.1632010587077034
__cere__clomp_static_omp_module2_1017,conf3,16,154.49560631106084,0.015449560631106085,10225539.484375,468.07809347137334,0.8239678643671564,0.58984375,0.9430153010554714,0.0
__cere__clomp_static_omp_module2_1017,conf3,32,84.06444843448884,0.008406444843448883,1761900.4921875,263.4409280429753,0.7248521223559735,0.4228515625,0.8931639016769636,0.43882223914967033
__cere__clomp_static_omp_module2_1017,conf3,64,59.019840263741315,0.005901984026374131,4531089.432128906,310.86908459292937,0.7566134719065672,0.49365234375,0.9705695192879775,0.7467502229077103
__cere__clomp_static_omp_module3_1036,conf1,16,187.24407856104287,0.018724407856104287,21128365.984375,375.14712957093667,0.7895388738004139,0.5703125,0.9272919951749433,0.0
__cere__clomp_static_omp_module3_1036,conf1,32,59.081401194903286,0.005908140119490328,3479920.421875,1080.8689869151867,0.9153166006491267,0.4189453125,0.9875077653648033,0.12079647075442512
__cere__clomp_static_omp_module3_1036,conf1,64,12.727666443409593,0.0012727666443409598,3068094.9462890625,550.3524348760515,0.8462372174879937,0.47412109375,0.9594581936003731,0.6550159097495106
__cere__clomp_static_omp_module3_1036,conf2,16,141.57697230389041,0.014157697230389045,5900911.1875,696.542771217568,0.8744574634113578,0.5859375,0.99904070032447,0.0
__cere__clomp_static_omp_module3_1036,conf2,32,18.8368572192676,0.0018836857219267597,1164297.8046875,1005.962788636034,0.9095810446540173,0.6201171875,0.9692892313935547,0.17024591183477478
__cere__clomp_static_omp_module3_1036,conf2,64,246.0522210125582,0.02460522210125582,732235.0859375,176.4291364717216,0.6382436335171568,0.53759765625,0.9643193330499615,0.7570885457871064
__cere__clomp_static_omp_module3_1036,conf3,16,88.47290824035083,0.008847290824035084,6260197.6015625,451.3710759926305,0.818633939366568,0.47265625,0.9552902416682277,0.0
__cere__clomp_static_omp_module3_1036,conf3,32,29.654177814059878,0.0029654177814059874,5900568.92578125,165.7435289881624,0.6236973280939062,0.4921875,0.934125376926296,0.47579887134095844
__cere__clomp_static_omp_module3_1036,conf3,64,52.863744861026724,0.005286374486102672,5967162.5927734375,354.11395832948864,0.7797909573890622,0.56884765625,0.9697904598726236,0.7566066128652233
__cere__clomp_static_omp_module3_1046,conf1,16,196.9435608337053,0.019694356083370532,18255981.3515625,474.3456030564243,0.8258888037658123,0.66796875,0.9360747131980327,0.0
__cere__clomp_static_omp_module3_1046,conf1,32,69.17673956758313,0.006917673956758312,12392903.578125,505.4322461802923,0.8348287514731733,0.634765625,0.9497534937235357,0.34879917129968285
__cere__clomp_static_omp_module3_1046,conf1,64,20.485467658943264,0.0020485467658943263,7235145.968261719,439.2893507596277,0.8145707867972123,0.505126953125,0.9625883396921681,0.6950705190516628
__cere__clomp_static_omp_module3_1046,conf2,16,140.293333961575,0.0140293333961575,7192419.5234375,581.7992361986575,0.8533292578068206,0.4765625,0.9724337700298326,0.0
__cere__clomp_static_omp_module3_1046,conf2,32,54.198946462606266,0.005419894646260626,3087454.4296875,1149.032221672442,0.9199380141962222,0.6484375,0.9822022139056521,0.15890518255042974
__cere__clomp_static_omp_module3_1046,conf2,64,14.141880847734535,0.0014141880847734537,1075961.0092773438,1641.1901425529184,0.9425680185316344,0.5068359375,0.9824562471314394,0.36574578966266025
__cere__clomp_static_omp_module3_1046,conf3,16,141.2065614992032,0.014120656149920318,14959774.0,356.3656798057243,0.7808774751804952,0.60546875,0.8618502718732582,0.0
__cere__clomp_static_omp_module3_1046,conf3,32,100.60599375528471,0.010060599375528473,10083872.814453125,336.29848648716825,0.7707991132283218,0.5361328125,0.9387991792117601,0.49472609611851326
__cere__clomp_static_omp_module3_1046,conf3,64,26.654636520519773,0.0026654636520519765,545067.1713867188,1746.3648461933808,0.9458395234256283,0.552734375,0.958587781281082,0.6759591504153122
__cere__clomp_static_omp_module3_1056,conf1,16,144.34980253846246,0.014434980253846244,12373495.265625,507.5711663207452,0.8354102275696068,0.62890625,0.8721260345372526,0.0
__cere__clomp_static_omp_module3_1056,conf1,32,42.49119344550312,0.004249119344550312,5208601.76171875,708.4102519503324,0.8763004306801594,0.62109375,0.9604409960518352,0.4626065364436731
__cere__clomp_static_omp_module3_1056,conf1,64,23.180301570146376,0.0023180301570146374,26587910.439453125,83.8940659659664,0.4562086629891191,0.47119140625,0.9674508848131032,0.7396163069560395
__cere__clomp_static_omp_module3_1056,conf2,16,202.04978271097409,0.020204978271097407,9426172.3984375,676.56878734399,0.8712284067686796,0.6953125,0.9921305478656113,0.0
__cere__clomp_static_omp_module3_1056,conf2,32,18.910928296018515,0.0018910928296018512,1353398.650390625,884.3482759056166,0.8984099404166698,0.5361328125,0.9631886454995203,0.2049470208975881
__cere__clomp_static_omp_module3_1056,conf2,64,14.20016333993302,0.0014200163339933023,1387349.41015625,1202.7453370931596,0.9232390267286377,0.483154296875,0.9756680105644011,0.45517252317269374
__cere__clomp_static_omp_module3_1056,conf3,16,243.3509730383583,0.024335097303835825,17690742.890625,472.7506721393558,0.825403958713,0.66796875,0.9526906001143103,0.0
__cere__clomp_static_omp_module3_1056,conf3,32,67.15460287064893,0.006715460287064892,11425097.98828125,273.2952756728698,0.7321155489585325,0.5986328125,0.9398458063689644,0.5222240922485797
__cere__clomp_static_omp_module3_1056,conf3,64,36.10264512841929,0.00361026451284193,633163.0375976562,2391.5308539416856,0.9598640330534953,0.6220703125,0.9750766169148458,0.8497324770100478
__cere__clomp_static_omp_module4_1075,conf1,16,205.9830958902201,0.02059830958902201,11406671.1171875,618.626657443345,0.860845685358,0.48046875,0.9776344257339381,0.0
__cere__clomp_static_omp_module4_1075,conf1,32,43.90874161154296,0.004390874161154296,5350810.04296875,518.8710438761393,0.838415448598668,0.56640625,0.9636382347952777,0.41356148681433835
__cere__clomp_static_omp_module4_1075,conf1,64,18.822952189016796,0.0018822952189016795,6462787.10546875,318.918325871595,0.7612899846481016,0.4580078125,0.9610172227515383,0.6953233898550345
__cere__clomp_static_omp_module4_1075,conf2,16,203.69423030355568,0.020369423030355563,9112681.09375,682.2947290879456,0.8721709398239369,0.49609375,0.9948596949179285,0.0
__cere__clomp_static_omp_module4_1075,conf2,32,71.70592056626614,0.007170592056626615,3204360.185546875,1414.2734187657752,0.9339617279411099,0.578125,0.9968584455891053,0.05175892126939352
__cere__clomp_static_omp_module4_1075,conf2,64,14.176291422122276,0.0014176291422122278,841590.703125,2117.9223588960676,0.9549127589616017,0.453369140625,0.9840875226888516,0.2627012244576653
__cere__clomp_static_omp_module4_1075,conf3,16,204.0624816017999,0.020406248160179986,10890343.359375,548.4275820762797,0.8457807737298932,0.5234375,0.9660500043778033,0.0
__cere__clomp_static_omp_module4_1075,conf3,32,91.28910661579448,0.009128910661579448,4110657.11328125,969.6507997574647,0.906511545615939,0.6357421875,0.9597793030203264,0.5212215310340897
__cere__clomp_static_omp_module4_1075,conf3,64,48.13086289605966,0.004813086289605966,4568333.581542969,368.2914621522539,0.786457776658146,0.544677734375,0.9691967239009128,0.7514282161388968
__cere__clomp_static_omp_module4_1085,conf1,16,217.14483837376548,0.02171448383737655,12204754.734375,639.8033965253934,0.8648289525708233,0.546875,0.9728199692173505,0.0
__cere__clomp_static_omp_module4_1085,conf1,32,25.47602137637074,0.002547602137637074,9555728.384765625,203.9101529538953,0.6709553826088512,0.544921875,0.9384160366161811,0.4808221892862218
__cere__clomp_static_omp_module4_1085,conf1,64,18.07213666774871,0.0018072136667748708,7390472.002441406,298.06208237148707,0.7487829049070891,0.4453125,0.9672953137781662,0.6907201687081754
__cere__clomp_static_omp_module4_1085,conf2,16,202.5139150844911,0.02025139150844911,10104765.578125,622.6913708229782,0.8616283464321386,0.57421875,0.9827259507011356,0.0
__cere__clomp_static_omp_module4_1085,conf2,32,18.9192321547416,0.00189192321547416,1393522.283203125,871.8005459605579,0.8970982261579644,0.6123046875,0.9646543315767557,0.26626398820718755
__cere__clomp_static_omp_module4_1085,conf2,64,4.824114553897601,0.0004824114553897602,722000.7841796875,925.6766625660599,0.90250338761748,0.554443359375,0.9703297350096611,0.5603686550813305
__cere__clomp_static_omp_module4_1085,conf3,16,78.66687485833683,0.007866687485833681,10804496.6640625,330.2673224438795,0.7675863474083762,0.671875,0.9334575296941995,0.0
__cere__clomp_static_omp_module4_1085,conf3,32,60.448184015218146,0.006044818401521815,7041442.08984375,373.24427226439695,0.7886926353666865,0.6318359375,0.9437425730399935,0.5396452825111133
__cere__clomp_static_omp_module4_1085,conf3,64,46.299570095125745,0.004629957009512574,1455771.4462890625,1293.4723700420757,0.9282368261116074,0.560791015625,0.9712139261676269,0.7593924271765163
__cere__clomp_static_omp_module4_1095,conf1,16,205.46346654517367,0.02054634665451737,13434426.28125,569.9226021330772,0.8507290249924492,0.56640625,0.9084566567169722,0.0
__cere__clomp_static_omp_module4_1095,conf1,32,40.76968424516589,0.004076968424516588,4489670.779296875,726.5841050613052,0.8790201754574227,0.541015625,0.9445996692584432,0.3682646545528414
__cere__clomp_static_omp_module4_1095,conf1,64,11.507080783321534,0.0011507080783321535,3475861.1782226562,372.54903492790874,0.7883817495992647,0.524169921875,0.9688485154360478,0.6924608754779038
__cere__clomp_static_omp_module4_1095,conf2,16,79.08352797684151,0.00790835279768415,260476.6953125,217.43684363317413,0.6849767063726266,0.5390625,0.8669078990601876,0.0
__cere__clomp_static_omp_module4_1095,conf2,32,37.10163283130669,0.003710163283130669,1871996.126953125,1197.193535839407,0.9229105008334084,0.64453125,0.985377220222176,0.11871612331195802
__cere__clomp_static_omp_module4_1095,conf2,64,14.18001035569583,0.001418001035569583,702026.025390625,2464.360085864761,0.961003916512654,0.485107421875,0.9903454489597039,0.16245607909529147
__cere__clomp_static_omp_module4_1095,conf3,16,74.75662158659601,0.007475662158659603,4157185.3671875,389.2523054308791,0.7956064817887141,0.625,0.9308512142418656,0.0
__cere__clomp_static_omp_module4_1095,conf3,32,94.37728977282254,0.009437728977282255,3472935.236328125,1132.72481774708,0.9188788944942641,0.6357421875,0.9840217645371945,0.46064941191077236
__cere__clomp_static_omp_module4_1095,conf3,64,31.37860315551243,0.003137860315551243,1594232.0981445312,880.6450725600471,0.8980263065627377,0.641845703125,0.9683026583817957,0.7279264329961473
__cere__clomp_static_omp_module4_1105,conf1,16,85.63487888866896,0.0085634878888669,8556940.953125,351.3774237380294,0.7784559113039777,0.4609375,0.9084171528215579,0.0
__cere__clomp_static_omp_module4_1105,conf1,32,63.12049685222147,0.0063120496852221465,7207664.857421875,593.1529228021063,0.8557316910736741,0.5478515625,0.9563314123023114,0.42226769739921133
__cere__clomp_static_omp_module4_1105,conf1,64,16.314164543912863,0.001631416454391286,1418057.048828125,1764.4205997370611,0.9463640339448605,0.449951171875,0.9447693015490995,0.4515767677905027
__cere__clomp_static_omp_module4_1105,conf2,16,204.479677630909,0.0204479677630909,9114313.5703125,680.8069597177572,0.8719273710929171,0.5703125,0.9969217606080741,0.0
__cere__clomp_static_omp_module4_1105,conf2,32,54.849079099987364,0.005484907909998736,2386058.072265625,1388.0770338412492,0.9327991779149599,0.568359375,0.9939236330323854,0.04396511697890759
__cere__clomp_static_omp_module4_1105,conf2,64,9.487215891714126,0.0009487215891714126,685580.5634765625,1711.6797813142223,0.9448026074853811,0.50927734375,0.9828138032367945,0.337668182280222
__cere__clomp_static_omp_module4_1105,conf3,16,152.8942404251291,0.015289424042512913,7825798.015625,641.8650693396837,0.8652045983388763,0.4609375,0.9945029008653037,0.0
__cere__clomp_static_omp_module4_1105,conf3,32,85.37842811442587,0.008537842811442587,3338830.73828125,1186.2065090294657,0.9222519872991024,0.654296875,0.9814823483027693,0.6509131227497496
__cere__clomp_static_omp_module4_1105,conf3,64,44.27825252341706,0.004427825252341706,2041167.7431640625,914.9097376674991,0.9014690703137567,0.521240234375,0.9678679960144158,0.767349276923676
__cere__euler3d_cpu__Z12compute_fluxiPiPfS0_S0_S0_6float3S1_S1_S1__211,conf1,16,418.6894334761153,0.04186894334761153,4179478.640625,258.4605022113385,0.7210292364623125,0.5546875,0.8936201290477196,0.0
__cere__euler3d_cpu__Z12compute_fluxiPiPfS0_S0_S0_6float3S1_S1_S1__211,conf1,32,133.78054118658184,0.013378054118658186,2050009.35546875,495.2645197055551,0.8320074577106249,0.5712890625,0.9473612434638374,0.5273893100278249
__cere__euler3d_cpu__Z12compute_fluxiPiPfS0_S0_S0_6float3S1_S1_S1__211,conf1,64,75.23073248411063,0.007523073248411064,1134379.0126953125,622.4263949293588,0.8615775936456774,0.533447265625,0.969204152927114,0.7610337585333042
__cere__euler3d_cpu__Z12compute_fluxiPiPfS0_S0_S0_6float3S1_S1_S1__211,conf2,16,439.083453158477,0.043908345315847704,3394743.2421875,289.4145998500186,0.7432042865405801,0.609375,0.8995385293947178,0.0
__cere__euler3d_cpu__Z12compute_fluxiPiPfS0_S0_S0_6float3S1_S1_S1__211,conf2,32,153.32781700042608,0.015332781700042611,2091740.4765625,506.2022490160062,0.8350385532842858,0.56640625,0.9441720895548628,0.5248385202960897
__cere__euler3d_cpu__Z12compute_fluxiPiPfS0_S0_S0_6float3S1_S1_S1__211,conf2,64,18.11711575340476,0.0018117115753404764,1449665.5244140625,1937.303445138652,0.9509155102846281,0.551513671875,0.9865935754036614,0.7596660273392792
__cere__euler3d_cpu__Z9time_stepiiPfS_S_S__347,conf1,16,557.8962923376457,0.05578962923376456,50154094.3828125,688.298148666181,0.8731444439274628,0.734375,0.9276620912144152,0.0
__cere__euler3d_cpu__Z9time_stepiiPfS_S_S__347,conf1,32,55.1728607838549,0.0055172860783854905,853502.17578125,261.78966792598015,0.7235963078402246,0.5244140625,0.9389151083968796,0.5234944800526079
__cere__euler3d_cpu__Z9time_stepiiPfS_S_S__347,conf1,64,32.30623726644349,0.0032306237266443486,623062.9995117188,195.19342619708988,0.6612390686057025,0.495361328125,0.964442580103979,0.7545753241842237
__cere__euler3d_cpu__Z9time_stepiiPfS_S_S__347,conf2,16,365.2057938360656,0.03652057938360656,651756.9453125,101.1008585219694,0.5027370806123364,0.51171875,0.8770098932945538,0.0
__cere__euler3d_cpu__Z9time_stepiiPfS_S_S__347,conf2,32,242.78192822401132,0.024278192822401137,16168755.30078125,1441.2179543310872,0.9351162502882977,0.638671875,0.9519648379357641,0.4329034650536331
__cere__euler3d_cpu__Z9time_stepiiPfS_S_S__347,conf2,64,39.74971509552151,0.003974971509552151,2107526.431640625,2620.330590308164,0.9632397619773588,0.56298828125,0.9929875156620241,0.5953669527070627
__cere__ex_particle_OPENMP_seq_particleFilter_371,conf1,16,334.7459929482315,0.033474599294823146,228265.359375,42.24590445481387,0.2969920618574561,0.4921875,0.8684650054011289,0.0
__cere__ex_particle_OPENMP_seq_particleFilter_371,conf1,32,235.37092608587844,0.023537092608587842,57402.587890625,214.67647041310641,0.6822132907849123,0.5048828125,0.9334206642537247,0.5260939175998741
__cere__ex_particle_OPENMP_seq_particleFilter_371,conf1,64,106.52641873379463,0.010652641873379463,195829.43994140625,71.00093426973793,0.41520787341278853,0.4921875,0.9659556662445913,0.7533466279959178
__cere__ex_particle_OPENMP_seq_particleFilter_371,conf2,16,328.4520595417641,0.03284520595417641,341749.4765625,163.81743040800654,0.6209499886139247,0.53125,0.8874502893921312,0.0
__cere__ex_particle_OPENMP_seq_particleFilter_371,conf2,32,267.47646810539686,0.02674764681053969,51776.763671875,179.0562836558373,0.6416493522742854,0.5908203125,0.9455902617996135,0.539247346528175
__cere__ex_particle_OPENMP_seq_particleFilter_371,conf2,64,115.15291602902379,0.011515291602902378,190603.63134765625,241.2386127700068,0.7069499281214124,0.503173828125,0.9671344049768571,0.7577975857985331
__cere__ex_particle_OPENMP_seq_particleFilter_408,conf1,16,240.4474262171392,0.024044742621713924,1856212.1875,63.58075644301846,0.38868114945516896,0.5,0.8679107646805599,0.0
__cere__ex_particle_OPENMP_seq_particleFilter_408,conf1,32,159.8737891130573,0.015987378911305732,1086935.68359375,53.09343046850803,0.34680410717839105,0.5009765625,0.9307304237452096,0.5064352143075967
__cere__ex_particle_OPENMP_seq_particleFilter_408,conf1,64,55.744586850500085,0.005574458685050008,579136.6928710938,150.887978889193,0.6014157376421533,0.51171875,0.9645605520758515,0.7553849994228048
__cere__ex_particle_OPENMP_seq_particleFilter_408,conf2,16,246.35341732839444,0.024635341732839447,900569.765625,59.89731500708797,0.37459862915417197,0.5078125,0.8666929260842073,0.0
__cere__ex_particle_OPENMP_seq_particleFilter_408,conf2,32,114.65846272415664,0.011465846272415663,869466.2578125,141.62198430626637,0.5861303751514363,0.515625,0.9331954604944821,0.5130203554926985
__cere__ex_particle_OPENMP_seq_particleFilter_408,conf2,64,62.32561719009834,0.006232561719009834,500351.33349609375,30.36034071648821,0.2328955305702739,0.493896484375,0.9638903427907827,0.7518576778254069
__cere__ex_particle_OPENMP_seq_particleFilter_486,conf1,16,368.6358762260875,0.036863587622608746,4765866.546875,39.16239438867262,0.2814150659070602,0.421875,0.8148707570916922,0.0
__cere__ex_particle_OPENMP_seq_particleFilter_486,conf1,32,236.51625101907564,0.02365162510190756,2652934.25,41.35329117184114,0.2925527296111453,0.439453125,0.906317945845011,0.4189648047546316
__cere__ex_particle_OPENMP_seq_particleFilter_486,conf1,64,199.43557772475896,0.019943557772475896,1314348.1904296875,50.83834415497361,0.33703859877128806,0.4345703125,0.9549418717451298,0.6883129641849484
__cere__ex_particle_OPENMP_seq_particleFilter_486,conf2,16,251.74881488740132,0.025174881488740135,1706238.7890625,43.301344493724116,0.3021698410905035,0.4296875,0.8236057411824111,0.0
__cere__ex_particle_OPENMP_seq_particleFilter_486,conf2,32,159.08407803643107,0.015908407803643103,584343.861328125,79.30862405545895,0.44230234029864246,0.4228515625,0.8836737714269314,0.3936728219445196
__cere__ex_particle_OPENMP_seq_particleFilter_486,conf2,64,138.98625219028338,0.01389862521902834,318001.541015625,66.15571014608328,0.39815489993042974,0.3994140625,0.9284066399319544,0.6438306263981167
__cere__ft_cffts1_516,conf1,16,484.3773241138021,0.048437732411380205,4446015.3203125,5.584809639613386,0.05289406363165017,0.5,0.8744065246302948,0.0
__cere__ft_cffts1_516,conf1,32,173.38680553776476,0.017338680553776478,2503953.26953125,20.46996115924731,0.16991755423734545,0.5,0.9366224210232732,0.5142258459648863
__cere__ft_cffts1_516,conf1,64,80.99416394982244,0.008099416394982243,1410684.7431640625,35.91143923479863,0.2642267599915453,0.501708984375,0.9678993276631255,0.760001112450116
__cere__ft_cffts1_516,conf2,16,527.2942356312981,0.05272942356312982,20705407.3671875,3.148635867196914,0.030525230321521324,0.5,0.8751801823532026,0.0
__cere__ft_cffts1_516,conf2,32,245.09932804903656,0.024509932804903656,10956746.142578125,6.3627350980848485,0.0598210932825044,0.5,0.9372786266038358,0.5156413352484693
__cere__ft_cffts1_516,conf2,64,116.01379381623536,0.011601379381623537,5675118.1787109375,6.51944643949427,0.061204283888177,0.5,0.9684905801060794,0.7613011201894515
__cere__ft_cffts1_516,conf3,16,381.7518722225176,0.03817518722225176,682535.28125,35.05255154163505,0.2595474957082079,0.49609375,0.8737757329302894,0.0
__cere__ft_cffts1_516,conf3,32,138.85782306546156,0.013885782306546154,413212.865234375,44.42947121491328,0.30762053506933873,0.5107421875,0.936496051683637,0.5164362002867705
__cere__ft_cffts1_516,conf3,64,89.37995584772244,0.008937995584772245,147790.72265625,119.70937842982946,0.5448532934066904,0.522705078125,0.9639604672199987,0.7432528907205541
__cere__ft_cffts1_516,conf4,16,371.8545363786372,0.03718545363786372,260290.046875,56.52180803350204,0.3611113923588467,0.49609375,0.8709959556535578,0.0
__cere__ft_cffts1_516,conf4,32,205.42564737635482,0.02054256473763548,323464.5703125,87.56015710279321,0.4668377253214042,0.501953125,0.937137356740553,0.5121575271538263
__cere__ft_cffts1_516,conf4,64,143.93378139448575,0.014393378139448573,319864.82861328125,43.0202619050956,0.30079837172751567,0.50537109375,0.9671520838600571,0.7563755618334319
__cere__ft_cffts2_570,conf1,16,465.6439316151382,0.04656439316151381,3547392.6796875,6.07053975291707,0.057231157369972085,0.5,0.873150661713002,0.0
__cere__ft_cffts2_570,conf1,32,165.6923301558619,0.016569233015586188,2175588.58203125,16.628089851482475,0.14257362761112835,0.5,0.9365299766032962,0.5149143143962818
__cere__ft_cffts2_570,conf1,64,78.0152268968829,0.00780152268968829,1199816.810546875,33.65343970877377,0.25179628584272473,0.504638671875,0.9674598961849656,0.7595893891073772
__cere__ft_cffts2_570,conf2,16,542.2955658012352,0.05422955658012352,13171673.3515625,1.4620258815836396,0.014409586925555606,0.5,0.8750013485526735,0.0
__cere__ft_cffts2_570,conf2,32,246.97775842182213,0.02469777584218221,6876246.08984375,3.623048835820697,0.03496373515858442,0.5,0.9372451140601477,0.5160122438126341
__cere__ft_cffts2_570,conf2,64,102.3633286511396,0.01023633286511396,3661175.7583007812,11.707792233202152,0.10480730125576976,0.5,0.9684761038438569,0.7611411023415078
__cere__ft_cffts2_570,conf3,16,336.8242503169431,0.03368242503169431,535928.2109375,44.00470002315346,0.30557822082250274,0.4921875,0.8757465198631504,0.0
__cere__ft_cffts2_570,conf3,32,213.21965065623073,0.021321965065623068,567178.234375,48.164117391779996,0.3250727520241826,0.5068359375,0.9350661947452751,0.5109329540837954
__cere__ft_cffts2_570,conf3,64,185.03124147008384,0.01850312414700838,150321.51904296875,111.93054778733051,0.528147305595847,0.488525390625,0.9624091811980707,0.7320731479888367
__cere__ft_cffts2_570,conf4,16,275.682646006613,0.0275682646006613,295193.28125,75.12576770410489,0.4289818037002898,0.5078125,0.8536606577152576,0.0
__cere__ft_cffts2_570,conf4,32,260.6115083512303,0.026061150835123028,262249.466796875,102.7998046081585,0.5069028779726099,0.4921875,0.9364088092797078,0.5047650426064751
__cere__ft_cffts2_570,conf4,64,243.32717674197127,0.02433271767419713,60291.3212890625,129.2238079132483,0.5637451410027798,0.501708984375,0.9623435855786989,0.7464060282955901
__cere__ft_cffts3_620,conf1,16,494.18440014317525,0.04941844001431752,4531543.390625,4.952716216715847,0.04718997654609569,0.5,0.8724376853020106,0.0
__cere__ft_cffts3_620,conf1,32,166.69367893386243,0.016669367893386244,2936896.42578125,14.542827905656708,0.12696410741347264,0.5009765625,0.9344539556555294,0.5148900209196574
__cere__ft_cffts3_620,conf1,64,102.96707469403052,0.010296707469403052,1445631.6943359375,28.51011393696563,0.22185112956128794,0.499267578125,0.9657200723417262,0.7591215069863743
__cere__ft_cffts3_620,conf2,16,484.34379939497273,0.04843437993949727,13297535.8984375,4.295347787928239,0.041184462001721434,0.5,0.8735322976118,0.0
__cere__ft_cffts3_620,conf2,32,207.81517105884586,0.020781517105884585,7005790.54296875,12.871962596516816,0.1140403896628448,0.5,0.9359765544147562,0.5155122045389218
__cere__ft_cffts3_620,conf2,64,96.04203626136774,0.009604203626136775,3883029.0200195312,8.071422229002344,0.07468599989272917,0.5,0.9667961313746323,0.7597917294107208
__cere__ft_cffts3_620,conf3,16,272.0087595818318,0.02720087595818318,332969.59375,45.38664238016479,0.31217890197563924,0.51171875,0.8700175982660578,0.0
__cere__ft_cffts3_620,conf3,32,138.27891253309755,0.013827891253309754,771858.37109375,53.26492939678362,0.3475350140858866,0.5009765625,0.9300337457168801,0.5082420576236807
__cere__ft_cffts3_620,conf3,64,99.57703931379447,0.009957703931379448,396447.1240234375,136.36960472554742,0.5769337596679928,0.498779296875,0.9652791331835845,0.7540109070099702
__cere__ft_cffts3_620,conf4,16,407.3042073739982,0.040730420737399825,313763.765625,52.30887529287187,0.34343944298904516,0.515625,0.8502140419038388,0.0
__cere__ft_cffts3_620,conf4,32,161.85380601349496,0.016185380601349497,166416.943359375,150.54303611358307,0.6008669745876902,0.5146484375,0.9209276281835176,0.5197102885700713
__cere__ft_cffts3_620,conf4,64,192.6921172722195,0.01926921172722195,207976.12255859375,102.04917838902965,0.5050709891655291,0.48193359375,0.9622769007820132,0.746769784285845
__cere__hotspot_openmp__Z16single_iterationPfS_S_iifffff_69,conf1,16,243.28864731035327,0.024328864731035328,636175.6015625,104.43148822522556,0.5108385656820718,0.53125,0.8711507240710379,0.0
__cere__hotspot_openmp__Z16single_iterationPfS_S_iifffff_69,conf1,32,140.7486854947987,0.014074868549479872,287241.509765625,76.3801044679757,0.43304263084753747,0.5126953125,0.9310470195645265,0.5202483512808898
__cere__hotspot_openmp__Z16single_iterationPfS_S_iifffff_69,conf1,64,81.00606362669558,0.008100606362669557,169252.62646484375,142.5982386218913,0.5877958530611677,0.50390625,0.9611019035983098,0.7531480763492929
__cere__hotspot_openmp__Z16single_iterationPfS_S_iifffff_69,conf2,16,393.7553475438938,0.039375534754389374,279195.5,31.47145100834361,0.23937859335215161,0.484375,0.8527149602608208,0.0
__cere__hotspot_openmp__Z16single_iterationPfS_S_iifffff_69,conf2,32,121.90618428295218,0.012190618428295219,212271.201171875,60.24044270828182,0.37593782000434006,0.4970703125,0.9219278882579962,0.5010152705318608
__cere__hotspot_openmp__Z16single_iterationPfS_S_iifffff_69,conf2,64,9.415400947368774,0.0009415400947368775,240435.37255859375,235.91751606896912,0.7023078725687277,0.520751953125,0.95837598624775,0.7632451960523606
__cere__is_main_779,conf1,16,446.8509055954029,0.044685090559540286,3683357.71875,418.5623304456573,0.8071591511206395,0.71875,0.9240023392548751,0.0
__cere__is_main_779,conf1,32,133.51303058551986,0.013351303058551988,1741449.53125,605.1562092175906,0.858187450251689,0.6201171875,0.9523014434724233,0.5808737043951442
__cere__is_main_779,conf1,64,52.83591353778088,0.005283591353778089,678098.224609375,702.1220930062586,0.8753306998125288,0.532470703125,0.9703706892620365,0.7630258073755568
__cere__is_main_779,conf2,16,508.94397442061404,0.050894397442061395,13930302.640625,478.1104695108534,0.82702267944635,0.72265625,0.9358665231305113,0.0
__cere__is_main_779,conf2,32,147.81764247461243,0.014781764247461244,5601725.921875,832.93709738047,0.8928116372681683,0.69140625,0.9631195958358358,0.5699780752421508
__cere__is_main_779,conf2,64,42.392771092552024,0.004239277109255203,2056144.533203125,828.2222126436744,0.8922671762883271,0.55419921875,0.9725288811617153,0.7720649230469031
__cere__is_main_779,conf3,16,331.79145958838683,0.03317914595883869,698137.0625,256.49638282883745,0.7194922450362913,0.59765625,0.8969214542667258,0.0
__cere__is_main_779,conf3,32,178.53269877118734,0.01785326987711873,409283.84375,77.07251301682977,0.43525961033548133,0.5009765625,0.9274180603803153,0.5055643544825974
__cere__is_main_779,conf3,64,70.30217029409405,0.0070302170294094055,338106.82080078125,241.13542515742554,0.7068612855031033,0.516845703125,0.9621015581722394,0.754067581287718
__cere__is_rank_486,conf1,16,310.9268082285405,0.031092680822854046,4741562.3125,145.53206797068748,0.5927212244555429,0.55859375,0.8953072702948898,0.0
__cere__is_rank_486,conf1,32,132.0455000533296,0.013204550005332959,3863344.466796875,62.10720135298979,0.38312425872895584,0.5078125,0.9371906182766725,0.4968587473068382
__cere__is_rank_486,conf1,64,36.343497358338965,0.003634349735833896,5728464.373046875,68.28587793717114,0.40577307361860393,0.498779296875,0.9654124229926327,0.7571935995626479
__cere__is_rank_486,conf2,16,200.73374687754549,0.020073374687754542,1086832.5078125,642.4677449832157,0.8653140144124906,0.41796875,0.9889411001340112,0.0
__cere__is_rank_486,conf2,32,135.45138489142775,0.013545138489142773,1832310.66796875,1461.899216603704,0.9359753824466046,0.7451171875,0.9982803934012359,0.6974410572361084
__cere__is_rank_486,conf2,64,48.147019941331635,0.004814701994133164,280710.41650390625,3077.4451280474236,0.968528174061199,0.623291015625,0.9994113950557293,0.8872868601191863
__cere__is_rank_486,conf3,16,333.6115904676773,0.03336115904676773,644678.4375,116.88043118395753,0.5389164460154534,0.53125,0.8947797739279902,0.0
__cere__is_rank_486,conf3,32,109.27368819488615,0.010927368819488616,779262.923828125,86.2049162908769,0.46295725165609125,0.533203125,0.9331027396614625,0.5289892541859788
__cere__is_rank_486,conf3,64,60.2587277214103,0.006025872772141031,1337648.361328125,52.50348084563592,0.34427726209593845,0.498291015625,0.9628357572036318,0.753503271959636
__cere__kmeans_clustering_kmeans_clustering_183,conf1,16,328.8394307106244,0.03288394307106243,22578369.34375,113.65939598225995,0.5319653528913704,0.5234375,0.8713722608862174,0.0
__cere__kmeans_clustering_kmeans_clustering_183,conf1,32,182.7389539505125,0.01827389539505125,9738991.529296875,32.57585107666865,0.2457148176844819,0.48828125,0.9240019219191875,0.49815422979108137
__cere__kmeans_clustering_kmeans_clustering_183,conf1,64,91.54425684513313,0.009154425684513313,4864017.8740234375,23.812936773163294,0.19232995673780673,0.49462890625,0.9601654725509153,0.7463519729854862
__cere__kmeans_clustering_kmeans_clustering_183,conf2,16,327.9933975512423,0.03279933975512423,8655427.5234375,39.041656578050144,0.28079107757274424,0.49609375,0.8616986218825053,0.0
__cere__kmeans_clustering_kmeans_clustering_183,conf2,32,147.84867342648283,0.014784867342648283,4356176.404296875,58.94215867085764,0.37084030545298485,0.4912109375,0.9242219349025865,0.498619802946913
__cere__kmeans_clustering_kmeans_clustering_183,conf2,64,75.40829365533165,0.007540829365533163,2392536.1142578125,44.96123203560855,0.3101603884310543,0.49365234375,0.9592654831191095,0.746156558330197
__cere__lud_omp_lud_omp_123,conf1,16,309.43516623294533,0.030943516623294535,29044701.5625,134.48949235523756,0.5735416585383452,0.5546875,0.8867476304977957,0.0
__cere__lud_omp_lud_omp_123,conf1,32,133.85499743968188,0.013385499743968188,13239779.119140625,161.69370208684364,0.6178738762050346,0.5302734375,0.9407347484589546,0.5180116435834214
__cere__lud_omp_lud_omp_123,conf1,64,106.79937754513027,0.010679937754513025,7032461.26953125,409.98343432598165,0.8039151994570868,0.5185546875,0.9705271678934132,0.761481583115722
__cere__lud_omp_lud_omp_123,conf2,16,312.4042199651311,0.031240421996513112,16831974.0078125,141.79437030742687,0.5864254412836161,0.5546875,0.8865697502420794,0.0
__cere__lud_omp_lud_omp_123,conf2,32,162.62929241217165,0.016262929241217167,7938498.580078125,195.00319528330166,0.6610206207971185,0.529296875,0.9408395856600691,0.514392730286813
__cere__lud_omp_lud_omp_123,conf2,64,104.07042734362423,0.010407042734362425,4083147.4877929688,531.9867699861888,0.841768839556269,0.530029296875,0.9712274729161965,0.7617215585672763
__cere__lulesh__Z22CalcKinematicsForElemsR6DomainPddi_1538,conf1,16,420.5974889939933,0.04205974889939933,3461063.8671875,297.33910663645634,0.7483258045086043,0.6171875,0.8900359315322968,0.0
__cere__lulesh__Z22CalcKinematicsForElemsR6DomainPddi_1538,conf1,32,195.87908463606257,0.019587908463606255,1308527.5234375,451.7210659073176,0.8187489907865892,0.5419921875,0.9368616120948402,0.5111523076902227
__cere__lulesh__Z22CalcKinematicsForElemsR6DomainPddi_1538,conf1,64,24.79159066699188,0.0024791590666991877,163124.82861328125,539.3139667121717,0.8435823316761333,0.547607421875,0.9515288912435369,0.7566420874681894
__cere__lulesh__Z22CalcKinematicsForElemsR6DomainPddi_1538,conf2,16,399.87470987186873,0.03998747098718688,2042982.21875,308.82501868324204,0.755396574500055,0.6015625,0.8811650434855259,0.0
__cere__lulesh__Z22CalcKinematicsForElemsR6DomainPddi_1538,conf2,32,88.09274503820652,0.008809274503820652,1037695.744140625,521.1021184574287,0.8389958800199228,0.583984375,0.9270606119322506,0.5461869740121941
__cere__lulesh__Z22CalcKinematicsForElemsR6DomainPddi_1538,conf2,64,46.685105886881246,0.004668510588688124,163828.62109375,1184.1031120387404,0.9221246338689792,0.587646484375,0.9538484379172243,0.7374100941563673
__cere__lulesh__ZL15EvalEOSForElemsR6DomainPdiPii_2269,conf1,16,293.1807482596897,0.029318074825968973,153073.5234375,198.56637009247652,0.6650660957929506,0.34375,0.7597946574999116,0.0
__cere__lulesh__ZL15EvalEOSForElemsR6DomainPdiPii_2269,conf1,32,71.40828164267946,0.007140828164267945,106452.72265625,726.1017866022318,0.87894954154342,0.6591796875,0.8442855923020698,0.4775649379564292
__cere__lulesh__ZL15EvalEOSForElemsR6DomainPdiPii_2269,conf1,64,33.233224833393194,0.0033233224833393196,743195.162109375,814.2413711817259,0.8906196950256775,0.541259765625,0.9676377839778337,0.7578006577927094
__cere__lulesh__ZL15EvalEOSForElemsR6DomainPdiPii_2269,conf2,16,336.161866943648,0.03361618669436481,6186863.5703125,193.56111915334546,0.6593554340969667,0.546875,0.8840642329856209,0.0
__cere__lulesh__ZL15EvalEOSForElemsR6DomainPdiPii_2269,conf2,32,59.734730757804996,0.005973473075780499,164398.8203125,1123.1547624110935,0.918244196831741,0.63671875,0.9252712617834041,0.7710188884700121
__cere__lulesh__ZL15EvalEOSForElemsR6DomainPdiPii_2269,conf2,64,17.673588778953526,0.0017673588778953525,39354.06787109375,1246.262829132218,0.9257202993085246,0.496826171875,0.9123022257454797,0.759055852744932
__cere__lulesh__ZL18CalcEnergyForElemsPdS_S_S_S_S_S_S_S_S_S_S_S_dddddS_S_ddiPi_2104,conf1,16,390.7457163129216,0.03907457163129216,3164982.734375,215.59557628905904,0.6831387778756176,0.5625,0.8864967149430787,0.0
__cere__lulesh__ZL18CalcEnergyForElemsPdS_S_S_S_S_S_S_S_S_S_S_S_dddddS_S_ddiPi_2104,conf1,32,98.63352217634893,0.009863352217634892,831177.966796875,152.35752631092075,0.6037368036458182,0.4873046875,0.9179614176105331,0.5251926777047613
__cere__lulesh__ZL18CalcEnergyForElemsPdS_S_S_S_S_S_S_S_S_S_S_S_dddddS_S_ddiPi_2104,conf1,64,37.030787032111604,0.0037030787032111606,828000.2841796875,301.20659539279603,0.7507518541610805,0.500732421875,0.954881034672237,0.750402652325856
__cere__lulesh__ZL18CalcEnergyForElemsPdS_S_S_S_S_S_S_S_S_S_S_S_dddddS_S_ddiPi_2104,conf2,16,392.7947033079273,0.03927947033079272,5471322.7578125,221.58369358444946,0.6890389593907082,0.5625,0.8877954748696918,0.0
__cere__lulesh__ZL18CalcEnergyForElemsPdS_S_S_S_S_S_S_S_S_S_S_S_dddddS_S_ddiPi_2104,conf2,32,62.459306705158276,0.006245930670515827,222010.140625,1391.0875059268478,0.9329348548609555,0.7451171875,0.9551574185554165,0.8175222359282716
__cere__lulesh__ZL18CalcEnergyForElemsPdS_S_S_S_S_S_S_S_S_S_S_S_dddddS_S_ddiPi_2104,conf2,64,18.219305265550645,0.0018219305265550641,465119.32861328125,552.8358659976564,0.8468221413552683,0.593505859375,0.950447549012658,0.7455916231846103
__cere__lulesh__ZL20CalcPressureForElemsPdS_S_S_S_S_dddiPi_2051,conf1,16,299.0914097165433,0.02990914097165433,427398.7109375,201.74558719916,0.6685949878233104,0.609375,0.8593634072839078,0.0
__cere__lulesh__ZL20CalcPressureForElemsPdS_S_S_S_S_dddiPi_2051,conf1,32,111.95440791485228,0.011195440791485229,1010741.640625,562.7338387738645,0.8491098625882575,0.6279296875,0.9313139724983812,0.5553326096485618
__cere__lulesh__ZL20CalcPressureForElemsPdS_S_S_S_S_dddiPi_2051,conf1,64,34.558014051850435,0.003455801405185043,1336870.7436523438,168.82943350652022,0.6280169224938139,0.509521484375,0.9588864687840947,0.7505151327432548
__cere__lulesh__ZL20CalcPressureForElemsPdS_S_S_S_S_dddiPi_2051,conf2,16,419.1474637196518,0.041914746371965184,4631358.6328125,267.2111544009751,0.727677117643313,0.58203125,0.8924997533585182,0.0
__cere__lulesh__ZL20CalcPressureForElemsPdS_S_S_S_S_dddiPi_2051,conf2,32,89.48186107468511,0.008948186107468512,596915.09375,383.6411721662885,0.793235138455877,0.55078125,0.8985458267384447,0.5091824492888777
__cere__lulesh__ZL20CalcPressureForElemsPdS_S_S_S_S_dddiPi_2051,conf2,64,28.13244137530192,0.0028132441375301924,242248.5458984375,517.3417602791258,0.8380151701469445,0.5205078125,0.9494179594110453,0.7572138903326671
__cere__lulesh__ZL20CalcPressureForElemsPdS_S_S_S_S_dddiPi_2058,conf1,16,369.48547458388623,0.036948547458388624,557121.65625,119.99821291276542,0.5454508530955549,0.52734375,0.8187693576576884,0.0
__cere__lulesh__ZL20CalcPressureForElemsPdS_S_S_S_S_dddiPi_2058,conf1,32,76.21703527842642,0.0076217035278426425,1499146.1171875,294.0236583530574,0.7462081327350225,0.5498046875,0.9350797143621908,0.5026730307512606
__cere__lulesh__ZL20CalcPressureForElemsPdS_S_S_S_S_dddiPi_2058,conf1,64,21.95074567075057,0.0021950745670750575,234847.6962890625,450.0920071448733,0.8182122286796583,0.3916015625,0.943294110314788,0.7505153616409831
__cere__lulesh__ZL20CalcPressureForElemsPdS_S_S_S_S_dddiPi_2058,conf2,16,302.96326623555217,0.030296326623555213,314309.328125,163.57677003799554,0.6206038946998833,0.69921875,0.8700710441649416,0.0
__cere__lulesh__ZL20CalcPressureForElemsPdS_S_S_S_S_dddiPi_2058,conf2,32,72.83901475739644,0.0072839014757396445,303195.12109375,691.6888298172158,0.8736877467084032,0.560546875,0.933796629081332,0.7355687152834014
__cere__lulesh__ZL20CalcPressureForElemsPdS_S_S_S_S_dddiPi_2058,conf2,64,14.803065846570647,0.0014803065846570648,51349.4931640625,2216.2896283607656,0.9568275060356896,0.3896484375,0.8993021569540276,0.8120388941582367
__cere__lulesh__ZL23IntegrateStressForElemsR6DomainPdS1_S1_S1_ii_549,conf1,16,409.65044978244305,0.040965044978244304,930305.96875,310.0049409147682,0.7561005002113182,0.56640625,0.8903623475220233,0.0
__cere__lulesh__ZL23IntegrateStressForElemsR6DomainPdS1_S1_S1_ii_549,conf1,32,216.2446887321058,0.021624468873210578,876180.517578125,688.8264909558126,0.8732294095767105,0.587890625,0.94165031029286,0.5144569004195623
__cere__lulesh__ZL23IntegrateStressForElemsR6DomainPdS1_S1_S1_ii_549,conf1,64,88.6606751595979,0.00886606751595979,525524.2392578125,184.264236956943,0.6482146292108253,0.503173828125,0.9606529070791832,0.750301883728562
__cere__lulesh__ZL23IntegrateStressForElemsR6DomainPdS1_S1_S1_ii_549,conf2,16,410.6588549692565,0.04106588549692564,1712475.6796875,297.9638378714749,0.7487208874684346,0.5859375,0.8897469013782117,0.0
__cere__lulesh__ZL23IntegrateStressForElemsR6DomainPdS1_S1_S1_ii_549,conf2,32,222.01801160451586,0.022201801160451583,1464195.908203125,688.3189309970894,0.8731477882010051,0.609375,0.9430357963446248,0.5158189994440274
__cere__lulesh__ZL23IntegrateStressForElemsR6DomainPdS1_S1_S1_ii_549,conf2,64,64.0496495294163,0.006404964952941631,339857.29638671875,865.0707316705334,0.8963806519892066,0.550048828125,0.9659834981606473,0.7575508638884816
__cere__lulesh__ZL28CalcFBHourglassForceForElemsR6DomainPdS1_S1_S1_S1_S1_S1_dii_810,conf1,16,428.82129714750613,0.04288212971475061,2912850.15625,323.3278091405427,0.763776445013088,0.6015625,0.8912475517294299,0.0
__cere__lulesh__ZL28CalcFBHourglassForceForElemsR6DomainPdS1_S1_S1_S1_S1_S1_dii_810,conf1,32,96.75325440416378,0.009675325440416379,857517.076171875,361.48054773043737,0.7833061426060095,0.5458984375,0.9293759873035328,0.5205780170061892
__cere__lulesh__ZL28CalcFBHourglassForceForElemsR6DomainPdS1_S1_S1_S1_S1_S1_dii_810,conf1,64,31.155631617027822,0.0031155631617027823,639021.6079101562,272.7089123267731,0.7316941004289029,0.498046875,0.9587190234123271,0.7491630219709665
__cere__lulesh__ZL28CalcFBHourglassForceForElemsR6DomainPdS1_S1_S1_S1_S1_S1_dii_810,conf2,16,361.28650494747427,0.03612865049474742,2000102.5859375,183.2054485517776,0.6468994487522464,0.54296875,0.8778040490430938,0.0
__cere__lulesh__ZL28CalcFBHourglassForceForElemsR6DomainPdS1_S1_S1_S1_S1_S1_dii_810,conf2,32,138.06320004711364,0.01380632000471136,2025074.380859375,514.9076759943819,0.8373739605083192,0.572265625,0.9403479241223048,0.5176743493516143
__cere__lulesh__ZL28CalcFBHourglassForceForElemsR6DomainPdS1_S1_S1_S1_S1_S1_dii_810,conf2,64,87.68344961445261,0.008768344961445261,1030583.9423828125,209.5689379992233,0.6769701745714201,0.508056640625,0.9601606973319037,0.74953782673102
__cere__lulesh__ZL28CalcHourglassControlForElemsR6DomainPdd_1037,conf1,16,485.1820752367727,0.04851820752367727,2346537.140625,402.7198369576201,0.8010820487904675,0.66796875,0.9048020841242678,0.0
__cere__lulesh__ZL28CalcHourglassControlForElemsR6DomainPdd_1037,conf1,32,208.16354868471228,0.02081635486847123,852394.35546875,631.7543323676636,0.8633421141813535,0.5908203125,0.9443856117525194,0.5171273034637196
__cere__lulesh__ZL28CalcHourglassControlForElemsR6DomainPdd_1037,conf1,64,26.244010154520527,0.002624401015452053,452253.6455078125,188.84890505596462,0.6537982375919862,0.504150390625,0.9572618300459258,0.7494113049068865
__cere__lulesh__ZL28CalcHourglassControlForElemsR6DomainPdd_1037,conf2,16,485.4021017008816,0.048540210170088166,4108073.2890625,405.87921880144006,0.8023243567171505,0.6796875,0.9020705686237139,0.0
__cere__lulesh__ZL28CalcHourglassControlForElemsR6DomainPdd_1037,conf2,32,79.31492428226896,0.007931492428226895,853566.09375,431.30373069015786,0.8117837420977619,0.5537109375,0.9329882233050567,0.528762935390731
__cere__lulesh__ZL28CalcHourglassControlForElemsR6DomainPdd_1037,conf2,64,70.75603861776405,0.007075603861776404,993159.0688476562,872.610978806529,0.8971839695633418,0.541259765625,0.9662051835695242,0.7574492322680917
__cere__lu_rhs_2331,conf1,16,329.0610941902771,0.03290610941902771,1158848.5546875,21.411895826147198,0.17635747865108242,0.46875,0.8041799101296772,0.0
__cere__lu_rhs_2331,conf1,32,161.7382104101813,0.016173821041018128,779249.6171875,131.89238212550856,0.5687654804206703,0.478515625,0.8808448744926898,0.48580257262919135
__cere__lu_rhs_2331,conf1,64,73.21225748390503,0.007321225748390504,909690.1669921875,77.41732767227556,0.4363571962671001,0.48046875,0.9406744986881056,0.7343652277445069
__cere__lu_rhs_2331,conf2,16,286.30512267260804,0.028630512267260808,4775479.9296875,16.983637398839903,0.1451795975614648,0.4921875,0.8360467159918028,0.0
__cere__lu_rhs_2331,conf2,32,171.5594921346966,0.017155949213469662,3361335.013671875,22.298746689320414,0.1823301325071357,0.4873046875,0.9042350079971684,0.49208249763220846
__cere__lu_rhs_2331,conf2,64,143.7713897355671,0.01437713897355671,974722.3784179688,50.702885511274175,0.33644269875297816,0.47802734375,0.9098651848649306,0.7143829772711359
__cere__lu_rhs_2331,conf3,16,458.6028505535493,0.04586028505535493,503221.25,84.42832054488956,0.457783925459213,0.46875,0.8324278492064872,0.0
__cere__lu_rhs_2331,conf3,32,338.9315004944913,0.03389315004944912,435889.19140625,77.8413634779761,0.437701117196034,0.4853515625,0.9161429698934469,0.48103305498020554
__cere__lu_rhs_2331,conf3,64,213.93294421044317,0.021393294421044318,605690.3198242188,90.44280856011744,0.4749079749659709,0.470947265625,0.9608647182358729,0.7456654819725145
__cere__lu_rhs_2331,conf4,16,507.22682199661347,0.05072268219966135,376771.9609375,46.324483283789995,0.3165873696881313,0.484375,0.8613333151968103,0.0
__cere__lu_rhs_2331,conf4,32,410.8875929148749,0.04108875929148749,153907.2578125,180.38553453127136,0.6433482199173617,0.45703125,0.9352758299196924,0.5056988078605983
__cere__lu_rhs_2331,conf4,64,164.75394206017657,0.01647539420601766,417970.34521484375,97.04478814798729,0.4925011671717162,0.48388671875,0.9642321598756235,0.7567380627765758
__cere__lu_ssor_3112,conf1,16,314.6080909160694,0.031460809091606944,10933236.2734375,12.398223226509586,0.1103062207800578,0.52734375,0.8666625043774296,0.0
__cere__lu_ssor_3112,conf1,32,101.44539639941337,0.010144539639941337,10508459.521484375,39.245589780157175,0.28184440054524273,0.5146484375,0.9319194855710813,0.5283344841995812
__cere__lu_ssor_3112,conf1,64,77.119458385647,0.007711945838564699,7389525.858886719,50.63995194952937,0.33616548129606316,0.494384765625,0.963441583608999,0.7605878271262527
__cere__lu_ssor_3112,conf2,16,266.8756250674407,0.026687562506744072,50308984.2421875,10.511787357610448,0.09511915071642851,0.51953125,0.8759280000762127,0.0
__cere__lu_ssor_3112,conf2,32,100.08798195554067,0.010008798195554067,36909808.466796875,25.051523679731403,0.20032961568617658,0.5107421875,0.9348879403016769,0.5318124202655632
__cere__lu_ssor_3112,conf2,64,172.99509483175402,0.0172995094831754,24440474.422851562,28.833390525081448,0.2238037080881461,0.512451171875,0.9653963056563165,0.7587869822682355
__cere__lu_ssor_3112,conf3,16,385.9738653806413,0.03859738653806413,4380344.8046875,16.623401873141997,0.14253916114729903,0.5,0.864950762339655,0.0
__cere__lu_ssor_3112,conf3,32,236.1350302735454,0.02361350302735454,3488614.498046875,22.34649679377243,0.1826492574727312,0.5009765625,0.9290698809124911,0.5210581055447131
__cere__lu_ssor_3112,conf3,64,346.73846390753397,0.03467384639075339,2301961.9516601562,71.32540992503071,0.41631541962305285,0.518310546875,0.9580338837649506,0.7225755576534966
__cere__lu_ssor_3112,conf4,16,457.94458064512975,0.045794458064512975,1147751.0,47.74940296283776,0.32317831412725095,0.4921875,0.8535149528294901,0.0
__cere__lu_ssor_3112,conf4,32,196.7291477434552,0.019672914774345518,1180073.46484375,80.77236034897682,0.44681808763821895,0.4716796875,0.9198865373208839,0.4722478480360235
__cere__lu_ssor_3112,conf4,64,136.64377676489366,0.013664377676489366,458403.537109375,191.4044820745518,0.6568343791828968,0.59423828125,0.9522597812088252,0.7138349208650261
__cere__main_main_131,conf1,16,251.22089357482434,0.02512208935748244,643502.046875,43.66015881214054,0.3039127839837169,0.5,0.8782419009885143,0.0
__cere__main_main_131,conf1,32,133.4306679910265,0.01334306679910265,416439.060546875,58.241557692646914,0.3680547546540819,0.5068359375,0.9364757089332346,0.5184222890429941
__cere__main_main_131,conf1,64,128.66408018893648,0.012866408018893648,233604.9482421875,43.383126361580324,0.30256786459082874,0.509521484375,0.9674509165566048,0.7596633463227748
__cere__main_main_253,conf1,16,258.6835396434391,0.025868353964343907,895460.1484375,30.636913551228574,0.23451957581051142,0.5,0.8735771925361104,0.0
__cere__main_main_253,conf1,32,122.38557941638324,0.012238557941638323,600274.021484375,32.853268292030904,0.2472898763756013,0.494140625,0.9336271290606117,0.5114275040124172
__cere__main_main_253,conf1,64,128.16153196610497,0.012816153196610496,278199.24365234375,47.86947103065364,0.32372788444431644,0.496826171875,0.9643935305465008,0.7567450652318933
__cere__main_main_253,conf2,16,339.7655048575634,0.03397655048575634,534971.359375,18.82349893322268,0.15841562571559398,0.5,0.8682571558226233,0.0
__cere__main_main_253,conf2,32,191.10588007688153,0.019110588007688153,423981.40234375,17.081823284204155,0.14589645775108728,0.4990234375,0.9322310431898274,0.5114178937628262
__cere__main_main_253,conf2,64,121.74782402345603,0.012174782402345603,175714.0029296875,54.644867779111884,0.3533571373164758,0.5048828125,0.9629852229190857,0.754684815839464
__cere__main_main_295,conf1,16,239.92113755516323,0.023992113755516326,713719.546875,29.848552426196996,0.22987204607584855,0.49609375,0.867110299868092,0.0
__cere__main_main_295,conf1,32,204.70842207604372,0.020470842207604374,273922.107421875,56.41404787753339,0.3606712353720528,0.5166015625,0.9353043087872002,0.5124297531576876
__cere__main_main_295,conf1,64,90.07197885826649,0.00900719788582665,117165.00927734375,166.95452746870725,0.6254043677467799,0.50634765625,0.964552592737392,0.7529240351415944
__cere__main_main_295,conf2,16,451.3745871036722,0.045137458710367215,498562.828125,21.936111299412776,0.17989839979027122,0.49609375,0.8686503622396388,0.0
__cere__main_main_295,conf2,32,227.84987607500486,0.022784987607500487,252805.216796875,66.93404277692765,0.400961012286577,0.5146484375,0.9345630638571162,0.5089773561229989
__cere__main_main_295,conf2,64,144.28999388555337,0.014428999388555339,213657.03466796875,70.59216272303847,0.41380659929639907,0.4873046875,0.9652212933518484,0.7574753929378829
__cere__main_main_549,conf1,16,420.64689563240233,0.042064689563240235,38385.125,191.80167447676672,0.6573014867741549,0.5703125,0.8753657422634419,0.0
__cere__main_main_549,conf1,32,217.65042084227696,0.0217650420842277,100343.07421875,95.94585404207214,0.48965493304834773,0.5107421875,0.9295718746470848,0.49673240169361155
__cere__main_main_549,conf1,64,64.65617041423783,0.0064656170414237836,221019.7685546875,64.3917289055066,0.3916968897049521,0.5009765625,0.9645574027171274,0.7499336228863471
__cere__mg_psinv_454,conf1,16,609.2055960518005,0.060920559605180044,619534.9921875,150.9709935043394,0.6015475788508963,0.19921875,0.5215122723281407,0.0
__cere__mg_psinv_454,conf1,32,223.79676371965417,0.022379676371965414,1148394.7890625,159.4935010270076,0.6146338940889614,0.4169921875,0.868588706288825,0.4462418663556692
__cere__mg_psinv_454,conf1,64,124.30262788082246,0.012430262788082245,193483.78369140625,347.19459933139126,0.7763837037622731,0.278076171875,0.8390905478747412,0.5472827408528809
__cere__mg_psinv_454,conf2,16,274.7485606861799,0.027474856068617992,949303.9453125,66.56596870873442,0.3996372681933307,0.38671875,0.7266228985785268,0.0
__cere__mg_psinv_454,conf2,32,159.0401119231396,0.01590401119231396,11921360.220703125,180.7239175558287,0.6437781259585316,0.4921875,0.9240728104682892,0.5004643277984084
__cere__mg_psinv_454,conf2,64,80.95966038507643,0.008095966038507645,98680.87548828125,749.6624493867304,0.8823062028077409,0.1337890625,0.6661565802442417,0.2943599369719012
__cere__mg_psinv_454,conf3,16,276.8173409335271,0.027681734093352707,760488.25,101.4394042248516,0.5035727970661711,0.41015625,0.7963073188507515,0.0
__cere__mg_psinv_454,conf3,32,187.15969433499663,0.01871596943349966,623201.98828125,186.7652215662497,0.6512826783742407,0.4560546875,0.8903593556134668,0.4761855338472505
__cere__mg_psinv_454,conf3,64,151.0230150440305,0.015102301504403053,121212.0859375,171.3433008401403,0.6314631697544131,0.3740234375,0.8829353260397726,0.6081963685229665
__cere__mg_psinv_454,conf4,16,298.5282871957776,0.029852828719577756,199792.796875,107.6048318496217,0.5183156427089575,0.3046875,0.7122749592370659,0.0
__cere__mg_psinv_454,conf4,32,225.86155018080024,0.022586155018080024,414151.88671875,114.65196338794144,0.5341295815716833,0.439453125,0.8957951982875244,0.47832636752577273
__cere__mg_psinv_454,conf4,64,111.64094924344718,0.011164094924344718,987446.1533203125,39.91863585211852,0.2852989211123309,0.467041015625,0.9515693815112016,0.7339404007513419
__cere__mg_resid_516,conf1,16,321.7599695051939,0.03217599695051939,33041766.1953125,46.472898388421854,0.317279844256126,0.5,0.8707711283100762,0.0
__cere__mg_resid_516,conf1,32,152.12352593585302,0.015212352593585301,17404164.666015625,119.52174297455996,0.5444642583236556,0.5,0.9312405989908412,0.5090072423082975
__cere__mg_resid_516,conf1,64,97.759635697048,0.0097759635697048,5657673.654296875,16.985242876253402,0.1451913289116331,0.475341796875,0.9606299244755251,0.7429995474643847
__cere__mg_resid_516,conf2,16,424.347040343887,0.042434704034388704,21932494.140625,4.421000197961833,0.042338228800533284,0.5,0.8653026825832854,0.0
__cere__mg_resid_516,conf2,32,207.17129399526084,0.020717129399526083,10860530.015625,5.142464696211779,0.04890949352452323,0.490234375,0.9285660724350497,0.505925837167181
__cere__mg_resid_516,conf2,64,86.41711986825331,0.008641711986825331,5752220.741699219,17.94836195074112,0.15217135408999505,0.476318359375,0.9603751969883201,0.7433097914696776
__cere__mg_resid_516,conf3,16,302.7182822898936,0.030271828228989356,881666.90625,97.94526993453204,0.4948098530817444,0.48046875,0.8444260288067266,0.0
__cere__mg_resid_516,conf3,32,141.36716159135855,0.014136716159135854,367494.26171875,202.7659434860861,0.6697118610878519,0.482421875,0.8926624077495428,0.4826772008164115
__cere__mg_resid_516,conf3,64,97.39458680544266,0.009739458680544264,170914.89990234375,317.4435094059439,0.7604466287131686,0.472900390625,0.9300357595553331,0.7059371837938526
__cere__mg_resid_516,conf4,16,311.35720246124225,0.031135720246124224,154988.1171875,155.0268495886202,0.6078844240859014,0.32421875,0.6964050520203691,0.0
__cere__mg_resid_516,conf4,32,134.98579891491175,0.013498579891491176,198312.810546875,188.21587391344988,0.6530378474919476,0.357421875,0.8509252157155167,0.40946852244036536
__cere__mg_resid_516,conf4,64,38.78885196838303,0.003878885196838303,34286.5390625,532.870088183751,0.8419896881412328,0.26123046875,0.8184269570305585,0.5192963192552107
__cere__needle__Z12nw_optimizedPiS_S_iii_116,conf1,16,541.8814307255373,0.05418814307255372,73400.75,119.80982823744988,0.5450612886518666,0.37890625,0.8270775077230137,0.0
__cere__needle__Z12nw_optimizedPiS_S_iii_116,conf1,32,317.12241015857217,0.031712241015857213,46157.650390625,178.56744529205,0.641020507995254,0.3779296875,0.9088365929317395,0.5049630137745059
__cere__needle__Z12nw_optimizedPiS_S_iii_116,conf1,64,107.93101024610354,0.010793101024610353,195383.6962890625,40.116556012419565,0.2863084645676257,0.487548828125,0.9591929676834552,0.7493175325264558
__cere__needle__Z12nw_optimizedPiS_S_iii_116,conf2,16,365.30171344708333,0.03653017134470834,133636.734375,29.45766806493022,0.22754672245567997,0.48828125,0.8399718406393452,0.0
__cere__needle__Z12nw_optimizedPiS_S_iii_116,conf2,32,259.37526421580446,0.025937526421580447,141331.3671875,88.79160041381029,0.47031541773674745,0.5146484375,0.9175105988447474,0.5047494211713772
__cere__needle__Z12nw_optimizedPiS_S_iii_116,conf2,64,178.72374251078026,0.017872374251078023,157482.9052734375,69.49784139207323,0.41002198506655063,0.46728515625,0.9595801150168239,0.7506908317398909
__cere__needle__Z12nw_optimizedPiS_S_iii_176,conf1,16,468.7411914021352,0.04687411914021352,560908.203125,148.76632971777775,0.5980163388130189,0.44921875,0.760716235179414,0.0
__cere__needle__Z12nw_optimizedPiS_S_iii_176,conf1,32,143.814930612946,0.0143814930612946,1273723.59375,737.099922704482,0.8805399483529727,0.65234375,0.9207555624619794,0.4767109745037649
__cere__needle__Z12nw_optimizedPiS_S_iii_176,conf1,64,232.50386380273966,0.02325038638027397,1744331.61328125,202.14761992479063,0.6690359499608449,0.409912109375,0.9498682364889437,0.7072484848820351
__cere__needle__Z12nw_optimizedPiS_S_iii_176,conf2,16,712.9265092323385,0.07129265092323386,257367.5078125,95.63804082325005,0.4888519657056605,0.50390625,0.7553493619487042,0.0
__cere__needle__Z12nw_optimizedPiS_S_iii_176,conf2,32,137.584912560902,0.013758491256090199,466175.037109375,1065.3947361568719,0.9141921643392946,0.7021484375,0.9391362139201846,0.4918500825151517
__cere__needle__Z12nw_optimizedPiS_S_iii_176,conf2,64,67.34498332451568,0.0067344983324515665,233169.13671875,1696.6333217174583,0.9443403399061936,0.712646484375,0.9520136657605659,0.680084927453162
__cere__pathfinder__Z3runiPPc_98,conf1,16,479.8580591630894,0.04798580591630895,2558693.109375,656.8627707458982,0.8678756521457005,0.71875,0.9328845269453017,0.0
__cere__pathfinder__Z3runiPPc_98,conf1,32,262.26869223226686,0.02622686922322669,1369445.5625,1251.3801091673552,0.9260015747444925,0.734375,0.9603404307692224,0.5131513776058733
__cere__pathfinder__Z3runiPPc_98,conf1,64,133.42700427872424,0.013342700427872424,729760.6625976562,2396.588673610086,0.9599453441982498,0.734130859375,0.9784016944762478,0.7567828385504685
__cere__pathfinder__Z3runiPPc_98,conf2,16,545.3238118953493,0.054532381189534934,1687227.0625,556.2750204820164,0.8476248571421282,0.71875,0.9165440202865405,0.0
__cere__pathfinder__Z3runiPPc_98,conf2,32,289.66698841947215,0.028966698841947212,1241106.33203125,1221.5210455140136,0.9243296197669676,0.734375,0.9589916564518273,0.513977802711499
__cere__pathfinder__Z3runiPPc_98,conf2,64,131.45759979974991,0.013145759979974992,433187.93212890625,2055.278974645284,0.9536022940990931,0.6962890625,0.9754946703298775,0.7546408900487983
__cere__sp_compute_rhs_1302,conf1,16,266.3728042339617,0.026637280423396168,1944491.109375,37.58524593408441,0.27317788094873985,0.4453125,0.7596303896381758,0.0
__cere__sp_compute_rhs_1302,conf1,32,121.64238098907987,0.012164238098907987,1802491.005859375,61.153763558730475,0.3794746223003582,0.4775390625,0.8859029305901042,0.47220274953803487
__cere__sp_compute_rhs_1302,conf1,64,47.88201278197116,0.004788201278197116,2766693.7607421875,82.74672880288986,0.4527945826715195,0.49462890625,0.9562070229575558,0.7378991675614865
__cere__sp_compute_rhs_1302,conf2,16,367.73992904411944,0.03677399290441194,2960963.046875,53.46017674201069,0.348365145127424,0.37109375,0.688573869032845,0.0
__cere__sp_compute_rhs_1302,conf2,32,156.22799042982047,0.015622799042982046,2786165.869140625,81.10537987483045,0.44783528755957325,0.43359375,0.8335810800141751,0.4478646918262116
__cere__sp_compute_rhs_1302,conf2,64,59.261662459693014,0.005926166245969301,3132098.0327148438,92.44392604948091,0.4803681152592566,0.479248046875,0.9329079466898266,0.712717049759352
__cere__sp_compute_rhs_1302,conf3,16,226.36991560742842,0.022636991560742843,894635.734375,38.58463728437518,0.2784192969758953,0.48046875,0.8247837147825197,0.0
__cere__sp_compute_rhs_1302,conf3,32,146.28719282515146,0.014628719282515149,1495196.66796875,45.92324728853669,0.31470823286800775,0.4921875,0.9245538840029319,0.496542663217326
__cere__sp_compute_rhs_1302,conf3,64,87.9651090553791,0.00879651090553791,2396627.71875,33.14961294507477,0.24896514688893034,0.50537109375,0.9639095063190809,0.7504533049967723
__cere__sp_compute_rhs_1302,conf4,16,286.1428009925446,0.028614280099254458,779486.3125,20.313361820577192,0.16883712260380868,0.49609375,0.8690916818536182,0.0
__cere__sp_compute_rhs_1302,conf4,32,114.00390366944654,0.011400390366944655,1188038.259765625,37.23677081507868,0.2713323156317472,0.494140625,0.9304645644755605,0.5042985885793947
__cere__sp_compute_rhs_1302,conf4,64,81.90736695229891,0.008190736695229892,1103611.8212890625,50.78129282190316,0.33678775311924136,0.51513671875,0.9658457631531864,0.753236969373745
__cere__sp_x_solve_2323,conf1,16,216.27777517841378,0.021627777517841375,9339161.96875,47.82542637332392,0.32352638884019713,0.484375,0.8434113097600837,0.0
__cere__sp_x_solve_2323,conf1,32,116.13461481260231,0.011613461481260232,8614774.8203125,92.43573651990869,0.4803460011719062,0.4990234375,0.9212609749121081,0.49715654295110046
__cere__sp_x_solve_2323,conf1,64,60.007106338566416,0.006000710633856641,20881068.90185547,64.65006206265124,0.3926513069764356,0.501220703125,0.9582764269957005,0.745714481870568
__cere__sp_x_solve_2323,conf2,16,214.54204845076507,0.021454204845076506,23744220.875,61.73142725829701,0.3816909818010038,0.484375,0.8433389287562799,0.0
__cere__sp_x_solve_2323,conf2,32,104.93393786541026,0.010493393786541025,21262928.478515625,114.13374359983055,0.5330021400696274,0.4921875,0.9182586373366661,0.49514758846146534
__cere__sp_x_solve_2323,conf2,64,60.915401293970476,0.006091540129397047,39252985.16845703,84.8234651403629,0.45894316003622326,0.4990234375,0.9572365803954914,0.7426451164068746
__cere__sp_x_solve_2323,conf3,16,273.22227789328906,0.027322227789328905,3493622.609375,46.254629758481315,0.31626096100249435,0.48828125,0.8516841202174961,0.0
__cere__sp_x_solve_2323,conf3,32,98.99372261168385,0.009899372261168384,5635779.58203125,74.77248289933891,0.4278275484728594,0.5,0.9204304745930111,0.49722388984626753
__cere__sp_x_solve_2323,conf3,64,111.18457151037276,0.011118457151037275,8847592.058105469,52.47877125947371,0.34417100050059024,0.498291015625,0.9593222999617088,0.7477875140113427
__cere__sp_x_solve_2323,conf4,16,474.07267840072257,0.04740726784007225,654880.1328125,45.705347771360394,0.3136833923424749,0.46875,0.8489813206154843,0.0
__cere__sp_x_solve_2323,conf4,32,229.15775834143847,0.022915775834143847,630367.138671875,89.91808825446543,0.47345721032104604,0.47265625,0.9242256748473789,0.5003322979795612
__cere__sp_x_solve_2323,conf4,64,177.7129580174983,0.01777129580174983,1041313.5083007812,39.27430995220404,0.28199249355952394,0.5078125,0.958740744759638,0.7481567062753218
__cere__sp_y_solve_2556,conf1,16,321.25776939334014,0.032125776939334015,3077474.28125,77.07595383336722,0.43527058397718743,0.47265625,0.8389981467858936,0.0
__cere__sp_y_solve_2556,conf1,32,282.82284308414756,0.028282284308414753,5872880.15234375,60.457475281345175,0.3767819179214892,0.4892578125,0.9185915869022419,0.49624014035612274
__cere__sp_y_solve_2556,conf1,64,78.35455838095112,0.007835455838095112,1593057.3032226562,244.34731480015625,0.7095955284041187,0.490234375,0.9552747937804146,0.7425405952872917
__cere__sp_y_solve_2556,conf2,16,306.07885565349227,0.03060788556534923,8938145.1328125,79.41291103150851,0.4426265120772831,0.44921875,0.8378560090597377,0.0
__cere__sp_y_solve_2556,conf2,32,270.8705135888522,0.02708705135888522,6954756.576171875,82.59605519133792,0.45234304270586534,0.4931640625,0.9146738903416424,0.4907739577615805
__cere__sp_y_solve_2556,conf2,64,146.61375399807693,0.014661375399807695,9519302.793457031,105.65207859503904,0.5137418465051571,0.491943359375,0.9535073323788041,0.7392893423757807
__cere__sp_y_solve_2556,conf3,16,346.61209252731817,0.03466120925273182,2219252.8359375,41.32929162958747,0.29243259591159754,0.5,0.8498197713030269,0.0
__cere__sp_y_solve_2556,conf3,32,237.36757898284048,0.02373675789828405,1906654.912109375,95.77220234208141,0.489202252395028,0.5263671875,0.9050645569071566,0.5071969000764965
__cere__sp_y_solve_2556,conf3,64,108.67019966351806,0.010867019966351808,2799556.095703125,156.33767143528607,0.6098895669915392,0.5283203125,0.9525330943213897,0.741730002025063
__cere__sp_y_solve_2556,conf4,16,381.25972029160744,0.03812597202916075,667994.1484375,85.09698069842982,0.4597426731507549,0.421875,0.8413813762473196,0.0
__cere__sp_y_solve_2556,conf4,32,274.4705779363851,0.02744705779363851,580307.431640625,98.48817944542832,0.49619166098758205,0.4697265625,0.9121972676087421,0.5012535162657334
__cere__sp_y_solve_2556,conf4,64,323.8506549182572,0.032385065491825724,508885.05810546875,140.09308669793498,0.5834948795264079,0.48095703125,0.9637737591580837,0.7558413036041773
__cere__sp_z_solve_2780,conf1,16,365.6808798852473,0.03656808798852473,11582453.5625,48.10661635665849,0.32481071771170567,0.484375,0.8480935018264184,0.0
__cere__sp_z_solve_2780,conf1,32,148.03300236877448,0.014803300236877448,32131413.80078125,41.04792693995327,0.29102112899134025,0.4931640625,0.9191637758589509,0.4971226606758741
__cere__sp_z_solve_2780,conf1,64,64.3512597834527,0.006435125978345271,64995829.958496094,62.60374284105905,0.38500800625636633,0.5107421875,0.9594364208691116,0.7467745072585017
__cere__sp_z_solve_2780,conf2,16,220.1605647086919,0.022016056470869193,48106652.8046875,46.03270525850163,0.3152218893501716,0.48828125,0.8517409596413963,0.0
__cere__sp_z_solve_2780,conf2,32,131.2596898516415,0.013125968985164146,117165210.9140625,51.620733547178155,0.34045959506663315,0.501953125,0.9208431710719732,0.4977909685584446
__cere__sp_z_solve_2780,conf2,64,78.7912410970308,0.007879124109703081,238806140.1298828,79.0764988752636,0.4415794332138726,0.50732421875,0.9605808522986647,0.7486302818018461
__cere__sp_z_solve_2780,conf3,16,461.83332178894227,0.046183332178894226,2601957.328125,45.45995659073219,0.3125255751219481,0.48828125,0.8472789045607246,0.0
__cere__sp_z_solve_2780,conf3,32,351.32134564966617,0.03513213456496662,2905786.2734375,118.97854921974739,0.5433342655875901,0.5029296875,0.9212448322029706,0.5024659142991266
__cere__sp_z_solve_2780,conf3,64,203.16244572688635,0.020316244572688637,8111566.2373046875,75.67718723314091,0.4307741285310417,0.4951171875,0.9578680804116972,0.7441873472828888
__cere__sp_z_solve_2780,conf4,16,428.23616171591254,0.04282361617159125,353085.3671875,135.8242552311236,0.5759554083951488,0.4609375,0.8462667059955645,0.0
__cere__sp_z_solve_2780,conf4,32,197.9741710207905,0.019797417102079048,186753.0,180.02957114477408,0.6428948571709935,0.4990234375,0.9023435722083447,0.43295967174891437
__cere__sp_z_solve_2780,conf4,64,190.13383043315966,0.01901338304331597,902299.2680664062,154.53191710125327,0.6071219627822949,0.461181640625,0.9529450580854147,0.7300006533168379
__cere__streamcluster_omp__Z5pgainlP6PointsdPliP17pthread_barrier_t_451,conf1,16,261.41082416758303,0.026141082416758304,4401778.6328125,66.85605808866345,0.4006810352258092,0.48828125,0.8705166509706264,0.0
__cere__streamcluster_omp__Z5pgainlP6PointsdPliP17pthread_barrier_t_451,conf1,32,156.3963875189509,0.015639638751895085,16613802.37109375,1328.1706464233653,0.9299803561637157,0.7333984375,0.9506851356567382,0.500490353887458
__cere__streamcluster_omp__Z5pgainlP6PointsdPliP17pthread_barrier_t_451,conf1,64,54.22450568591355,0.005422450568591355,1272131.3515625,76.88994293797529,0.43467673549386576,0.49560546875,0.9613032989395079,0.749715019432232
__cere__streamcluster_omp__Z5pgainlP6PointsdPliP17pthread_barrier_t_451,conf2,16,456.0696389070985,0.045606963890709847,36873350.078125,657.8677075595677,0.8680508497690013,0.71875,0.9329107625898202,0.0
__cere__streamcluster_omp__Z5pgainlP6PointsdPliP17pthread_barrier_t_451,conf2,32,140.58208845860423,0.014058208845860422,1465501.0546875,28.74378315628878,0.223263465245504,0.4931640625,0.9219649985325251,0.49986318139324526
__cere__streamcluster_omp__Z5pgainlP6PointsdPliP17pthread_barrier_t_451,conf2,64,55.9368502999795,0.00559368502999795,856917.416015625,94.76105573977138,0.48655032896507655,0.49658203125,0.9585855480663126,0.7465839155659775
__cere__streamcluster_omp__Z5pgainlP6PointsdPliP17pthread_barrier_t_539,conf1,16,238.94913950714607,0.023894913950714605,4021440.5546875,35.127939257137044,0.25996059327369414,0.5,0.8662428028283264,0.0
__cere__streamcluster_omp__Z5pgainlP6PointsdPliP17pthread_barrier_t_539,conf1,32,153.7269344392712,0.01537269344392712,17868278.130859375,1226.8618609047098,0.9246342042480474,0.7333984375,0.9493651192248939,0.5009084136684612
__cere__streamcluster_omp__Z5pgainlP6PointsdPliP17pthread_barrier_t_539,conf1,64,53.206296149482036,0.005320629614948203,1066857.5810546875,79.42775378299302,0.44267261952716674,0.504638671875,0.9630122105199171,0.7524413062898911
__cere__streamcluster_omp__Z5pgainlP6PointsdPliP17pthread_barrier_t_539,conf2,16,452.3571344494988,0.04523571344494988,38217681.2734375,635.0934795140469,0.86396287984202,0.71875,0.9313990050265107,0.0
__cere__streamcluster_omp__Z5pgainlP6PointsdPliP17pthread_barrier_t_539,conf2,32,190.31533906318583,0.019031533906318586,11624514.259765625,1291.9060649271576,0.9281560713615877,0.7353515625,0.9582042205025932,0.524151185294965
__cere__streamcluster_omp__Z5pgainlP6PointsdPliP17pthread_barrier_t_539,conf2,64,69.19473210881557,0.006919473210881558,637591.7583007812,73.22062638378472,0.4227015449162407,0.49609375,0.9576972025000069,0.7449894759747897
__cere__track_ellipse_ellipsetrack_84,conf1,16,278.9552481435363,0.02789552481435363,344955911.0,75.92828964452794,0.4315865844995419,0.5390625,0.8808075229875174,0.0
__cere__track_ellipse_ellipsetrack_84,conf1,32,151.6079079633397,0.015160790796333971,171456771.5390625,108.24623386551626,0.5197992388924584,0.5341796875,0.9391781619779754,0.5158791889422859
__cere__track_ellipse_ellipsetrack_84,conf1,64,395.1838442155638,0.039518384421556384,57285999.599609375,168.6161039246303,0.6277215009117304,0.49951171875,0.9541791505613257,0.6659845779215539
__cere____kernel_kernel_cpu_2_kernel_cpu_2_96,conf1,16,149.97032361163315,0.014997032361163317,4458.8359375,436.5848359384719,0.8136361795891924,0.57421875,0.8969917526820866,0.0
__cere____kernel_kernel_cpu_2_kernel_cpu_2_96,conf1,32,170.58371764996508,0.017058371764996506,13700.3125,282.6689628430008,0.7386775262434142,0.552734375,0.890703051937684,0.5548899717159737
__cere____kernel_kernel_cpu_2_kernel_cpu_2_96,conf1,64,68.81405351825435,0.006881405351825436,3210.7041015625,870.8754377219025,0.8970001751876187,0.4677734375,0.9636305680370318,0.7581344872696039
__cere____kernel_kernel_cpu_kernel_cpu_112,conf1,16,395.3532724657025,0.03953532724657025,569840992.6875,35.788606305011726,0.2635611873401401,0.4609375,0.8300246788125862,0.0
__cere____kernel_kernel_cpu_kernel_cpu_112,conf1,32,249.21047411026694,0.024921047411026694,267581222.58203125,45.865272858541076,0.3144358623523834,0.4423828125,0.9244973583527047,0.4714962457727815
__cere____kernel_kernel_cpu_kernel_cpu_112,conf1,64,175.89803324677783,0.017589803324677786,129108693.74658203,49.269573567234694,0.3300711081956864,0.450927734375,0.9522857360134216,0.7243280374355112
__cere____kernel_kernel_cpu_kernel_cpu_112,conf2,16,423.4935778387817,0.04234935778387816,257921998.9921875,5.737864864431663,0.05426499647773553,0.46875,0.8604387906032578,0.0
__cere____kernel_kernel_cpu_kernel_cpu_112,conf2,32,258.53974452060413,0.02585397445206041,128787332.09375,12.741744167085178,0.11301709283654238,0.439453125,0.9186437180912592,0.46724633588567954
__cere____kernel_kernel_cpu_kernel_cpu_112,conf2,64,218.6440326999023,0.021864403269990233,64274705.26269531,40.573673732877566,0.2886292479627225,0.446044921875,0.9492218070710997,0.7223095127588419
__cere____kernel_kernel_cpu_kernel_cpu_86,conf1,16,466.6016822780473,0.04666016822780472,24292.1171875,149.55986558139517,0.599294542946512,0.546875,0.814282925498916,0.0
__cere____kernel_kernel_cpu_kernel_cpu_86,conf1,32,492.03691488821505,0.04920369148882151,56759.607421875,97.1614455826397,0.4928014465278139,0.533203125,0.9343615045346639,0.5144992145637239
__cere____kernel_kernel_cpu_kernel_cpu_86,conf1,64,181.25378637419215,0.018125378637419212,6426.74267578125,372.08109971995833,0.7881719898142063,0.4609375,0.959646159324642,0.695120160213111
